Name,Website,Aliases,Description,Related Symptom 1,Related Symptom 2,Related Symptom 3,Related Symptom 4
腰椎间盘突出,https://jbk.39.net/yzjptc/,(椎间盘突出，腰间...),腰椎间盘突出可以分为：膨出、突出、脱出三种。腰椎间盘突出症是西医的诊断，中医没有此病名。而是把该症统归于“腰痛”、“腰腿痛”这一范畴内。本病是临床上较为常见的腰部疾患之一，是骨伤科的常见病、多发病...,腰椎退化,腰酸,脊柱退变,椎间盘退行性变
痔疮,https://jbk.39.net/zc/,(痔核，痔病，痔疾...),痔疮是人体直肠末端粘膜下和肛管皮肤下静脉丛发生扩张和屈曲所形成的柔软静脉团。多见于经常站立者和久坐者。痔疮包括内痔、外痔、混合痔，是肛门直肠底部及肛门粘膜的静脉丛发生曲张而形成的一个或多个柔软的静...,炎性外痔,静脉曲张性外痔,痔块脱垂,痔出血
阳痿,https://jbk.39.net/yw/,"(勃起功能障碍,勃...)",阳痿是最常见的男子性功能障碍性疾病，简称ED。是指男性在性生活时，阴茎不能达到或维持足够勃起，未能完成满意的性生活，且病程持续三个月以上。主要表现为在性交开始阶段勃起缓慢或者难以勃起；有时虽然勃起了...,心理性性功能障碍,男子性功能障碍,性欲减退,雄激素过少
乳腺增生,https://jbk.39.net/rxzs/,"(乳房囊性增生病,...)",乳腺增生是女性最常见的乳房疾病，其发病率占乳腺疾病的首位。近些年来该病发病率呈逐年上升的趋势，年龄也越来越低龄化。乳腺增生症是正常乳腺小叶生理性增生与复旧不全，乳腺正常结构出现紊乱，属于病理性增生...,经期前乳房痛,腋窝痛,乳腺囊性增生,乳腺小叶增生
冠心病,https://jbk.39.net/gxb/,(冠状动脉粥样硬化...),冠心病是冠状动脉性心脏病的简称，亦称缺血性心脏病。是一种由冠状动脉器质性狭窄或阻塞（即动脉粥样硬化或动力性血管痉挛），引起的心肌缺血缺氧或心肌坏死的心脏病。多发于40岁以后，在日常生活中经常可见到。...,劳动耐力下降,胸骨后疼痛,胸闷,劳累后心悸
乙肝,https://jbk.39.net/yg/,(乙型肝炎 ),乙肝(viral hepatitis type B，又称乙型病毒性肝炎)系由乙肝病毒(HBV)引起，临床表现为：乏力、食欲减退、恶心、呕吐、厌油、肝大及肝功能异常。发展中国家发病率高，多数无症状，其中1/3出现肝损害的临床表现。据统计，全...,大三阳,小三阳,转氨酶增高,肝肿大
艾滋病,https://jbk.39.net/azb/,(获得性免疫缺陷综...),艾滋病又称为获得性免疫陷综合征（AIDS），是因感染人类免疫缺陷病毒（Human Immunodeficiency Virus，HIV）后导致免疫缺陷，并发一系列机会性感染及肿瘤，严重者可导致死亡的综合征。临床上主要表现为发热、咽痛、头痛、皮...,不明原因发热,关节疼痛,免疫力降低,HIV感染
荨麻疹,https://jbk.39.net/xmz/,(风团，瘾疹),荨麻疹(Urticaria)俗称风团、风疹、风疙瘩、风疹块，是一种常见的皮肤病。荨麻疹是由于各种因素致使皮肤粘膜血管发生暂时性炎性充血与大量液体渗出而造成局部水肿性的损害，典型表现是局部或全身出现大小不等的风团...,皮肤发红,剧痒,全身皮肤充血,皮肤有压痕
痛风,https://jbk.39.net/tf/,"(关节石病,尿酸盐...)",痛风(gout)是一种由于嘌呤生物合成代谢增加，尿酸产生过多或因尿酸排泄不良而致血中尿酸升高，尿酸盐结晶沉积在关节滑膜、滑囊、软骨及其他组织中引起的反复发作性炎性疾病。首次发作多侵犯单关节，常见第一跖趾关...,第1跖趾关节疼痛和肿大,关节疼痛,关节肿胀,关节畸形
肾结石,https://jbk.39.net/sjs1/,"(肾石病,肾石，肾...)",肾结石(calculus of kidney)指发生于肾盏、肾盂及肾盂与输尿管连接部的结石。肾是泌尿系统形成结石的主要部位，其他任何部位的结石都可以原发于肾脏，输尿管结石几乎均来自肾脏，而且肾结石比其他任何部位结石更易直接...,肾盏结石,腰部钝痛,突发性绞痛,尿隐血
慢性胃炎,https://jbk.39.net/mxwy/,"(慢性肠胃炎,慢性...)",慢性胃炎(chronic gestritis)系指不同病因引起的胃粘膜的慢性炎症或萎缩性病变，其实质是胃粘膜上皮遭受反复损害后，由于粘膜特异的再生能力，以致粘膜发生改建，且最终导致不可逆的固有胃腺体的萎缩，甚至消失。本病...,胃酸减少,进食呕吐,食欲较差,肠子胀气
口腔溃疡,https://jbk.39.net/kqky/,"(口疮,飞滋,口炎疮,...)","口腔溃疡，又称为“口疮”，是发生在口腔粘膜上的表浅性溃疡，大小可从米粒至黄豆大小、成圆形或卵圆形，溃疡面为凹、周围充血。溃疡具有周期性、复发性及自限性等特点,好发于唇、颊、舌缘等。病因及致病机制仍...",口腔血泡,微量元素缺少,复合性溃疡,口腔粘膜弥漫充血
细菌性阴道炎,https://jbk.39.net/xjxydy/,"(阴道炎,细菌性阴...)",细菌性阴道病主要是由阴道加特纳菌引起的一种阴道炎，可通过性关系传播。细菌性阴道病是加特纳菌、厌氧菌等增多，而乳酸杆菌减少，阴道内生态平衡系统改变而引起的疾病。其中，健康妇女阴道中也有加特纳菌寄生。...,阴道分泌物增多,排尿时外阴灼热、瘙痒或疼痛,细菌感染,阴部灼热
肩周炎,https://jbk.39.net/jzy/,"(肩关节组织炎,冻...)",肩周炎是肩关节周围肌肉、肌腱、滑囊和关节囊等软组织的慢性无菌性炎症。炎症导致关节内外粘连，从而影响肩关节的活动。其病变特点是广泛，即疼痛广泛、功能受限广泛、压痛广泛。肩周炎的全称是肩关节周围炎，本...,撞击征,凝肩,肩关节活动受限,肩膀酸疼
痛经,https://jbk.39.net/tj/,(经期疼痛),痛经(dysmenorrhea)，系指经期前后或行经期间，出现下腹部痉挛性疼痛，并有全身不适，严重影响日常生活者。分原发性和继发性两种。经过详细妇科临床检查未能发现盆腔器官有明显异常者，称原发性痛经，也称功能性痛经...,下腹痛,下腹坠胀,乳房胀痛,经期前乳房痛
腰肌劳损,https://jbk.39.net/yjls/,,慢性腰肌劳损，为临床常见病，多发病，发病因素较多，主要症状是腰部酸痛，日间劳累加重，休息后可减轻，日积月累，可使肌纤维变性，甚而少量撕裂，形成疤痕或纤维索条或粘连，遗留长期慢性腰背痛。治疗上以非手...,劳累时腰部酸痛或胀痛,腰酸背痛,产育过多后腰痛,腰部的不稳交锁现象
慢性咽炎,https://jbk.39.net/mxyy/,(梅核气),慢性咽炎为咽部粘膜、粘膜下及淋巴组织的弥漫性炎症，常为上呼吸道炎症的一部分，多见于成年人，病程长，症状顽固，较难治愈。常因急性咽炎反复发作、鼻炎、鼻窦炎的脓液刺激咽部，或鼻塞而张口呼吸，导致慢性咽...,咽部充血,咽痛,咽部异物感,咽部慢性充血
梅毒,https://jbk.39.net/md/,(霉疮;广疮;棉花疮;...),梅毒是由苍白螺旋体即梅毒螺旋体引起的一种慢性性传播疾病。可以侵犯皮肤、粘膜及其他多种组织器官，可有多种多样的临床表现，病程中有时呈无症状的潜伏状态。病原体可以通过胎盘传染给胎儿而发生胎传梅毒。...,会阴溃疡,粘膜疹,硬下疳,肉芽肿
尿路感染,https://jbk.39.net/nlgr/,"(尿感,泌尿道感染)",尿路感染(urinary tract infection，UTI)是指病原体在尿路中生长繁殖，并侵犯泌尿道黏膜或组织而引起的炎症，是细菌感染中最常见的一种感染。尿路感染分为上尿路感染和下尿路感染，上尿路感染指的是肾盂肾炎，下尿路感染...,下腹痛,寒战,白细胞尿,复杂性尿路感染
鼻窦炎,https://jbk.39.net/bdy/,"(鼻渊,鼻炎)",鼻窦炎是指发生在鼻窦粘膜的炎症。在各种鼻窦炎中，前组鼻窦发病率高，以上颌窦发病最常见，其后依次为筛窦、额窦和蝶窦。鼻窦炎可以单发，亦可以多发。最常见的致病原因为鼻腔感染后继发鼻窦化脓性炎症。此外，...,鼻窦压痛,带血粘脓鼻涕,脓鼻涕增多且不易擤尽,眼眶疼痛
皮肤过敏,https://jbk.39.net/pfgm/,(皮炎),皮肤过敏是一种很常见的过敏形式，有20%的人有皮肤过敏现象。皮肤过敏又称为敏感性皮肤。从医学角度讲，皮肤过敏主要是指当皮肤受到各种刺激如不良反应的化妆品、化学制剂、花粉、某些食品、污染的空气等等，导致...,瘙痒,突发、无痛的局部水肿,日光照射引起皮肤过敏,丘疹
胃癌,https://jbk.39.net/wa/,(癍瘕积聚),胃癌是我国最常见的恶性肿瘤之一 ，在我国其发病率居消化道肿瘤的首位，每年约有17万人死于胃癌，是一种严重威胁人民身体健康的疾病。胃癌可发生于任何年龄，但以40～60岁多见，男多于女，约为3：1。癌变可发生于胃...,胃纳减退,食欲较差,上腹部包块,肚子疼
生殖器疱疹,https://jbk.39.net/szqpz/,(阴部疱疹),生殖器疱疹是一种比较常见的性病，主要是通过性生活传染还可以通过母婴传染，间接性接触传染等， 是单纯疱疹病毒引起的，表现为局部呈簇的痛性水泡，周期性发作。,脓疱,肚子疼,阴茎疼痛,白色恶露
前列腺增生,https://jbk.39.net/qlxzs/,(前列腺肥大症),前列腺增生症，旧称前列腺肥大，中老年男性的常见病之一，是前列腺的一种良性病变，其增生的病因，跟男性激素变化以及睾丸变化也有着密切的关系。同时性生活过度、手淫、性交中断和刺激性食物等，皆可引起睾丸、...,尿流变细或中断,尿流中断,尿后滴沥,膀胱排空不全
过敏性鼻炎,https://jbk.39.net/gmxby/,"(变态反应性鼻炎,...)",变态反应性鼻炎简称变应性鼻炎，一般又称过敏性鼻炎，是发生在鼻粘膜的变态反应，也是呼吸道变态反应常见的表现形式，有时和支气管哮喘同时存在。本病发病率在近20年有显著增加趋热，在发达国家尤为如此。发病年...,鼻粘膜肿胀,打喷嚏,鼻黏膜和鼻甲萎缩,鼻溢液
脂肪肝,https://jbk.39.net/zfg/,(脂肝，肝癖，肝痞),脂肪肝，是指由于各种原因引起的肝细胞内脂肪堆积过多的病变。脂肪性肝病正严重威胁国人的健康，成为仅次于病毒性肝炎的第二大肝病，已被公认为隐蔽性肝硬化的常见原因。脂肪肝是一种常见的临床现象，而非一种独...,肝肿大,肝区痛,疲劳,消瘦
卵巢囊肿,https://jbk.39.net/lcnz/,,卵巢囊肿广义上属于卵巢肿瘤的一种，其病理形态多种多样，是最常见的妇科疾病。各个年龄均可患病，但以20~50岁最多见。根据其性质和形态不同可分为：单一型或混合型、一侧性或双侧性、囊性或实质性、良性或恶性，...,下腹坠胀,下腹部包块,下腹疼痛,下腹坠痛
性交疼痛,https://jbk.39.net/xjtt/,(交媾困难，性感不...),性交疼痛是指夫妻性交时不是感到愉快而是感到不适甚至疼痛。性交疼痛现象，有的发生在婚后不久，有的很久才发生，也有的到妇女更年期才发现。疼痛的部位有时仅在外阴部，也有时在阴道内部，还有的影响到腹部、腰...,阴道闭锁,阴道粘连,外阴萎缩,阴道裂伤
滴虫性阴道炎,https://jbk.39.net/dcxydy/,(阴道毛滴虫病，滴...),滴虫阴道炎(trichomona1vaginitis)是常见的阴道炎，由阴道毛滴虫所引起。滴虫呈梨形，后端尖，约为多核白细胞的2～3倍大小。虫体顶端有鞭毛4根，体部有波动膜，后端有轴柱凸出。活的滴虫透明无色，呈水滴状，诸鞭毛随波...,白带增多,阴道脓性分泌物,外阴烧灼刺激感,阴部灼热
宫颈癌,https://jbk.39.net/gja/,(子宫颈癌，五色带),宫颈癌是目前唯一一个病因明确的妇科恶性肿瘤，与高危型人乳头瘤病毒的持续感染相关。HPV病毒是一种双链DNA病毒，主要感染皮肤粘膜上皮，导致不同病变。其它高危因素有：1. 性行为：过早开始性生活，多个性伴侣；2. ...,脓血性白带,消瘦,乳头样增生变化,阴道转移
肺结核,https://jbk.39.net/fjh/,(肺结核病，结核病...),结核病俗称“肺痨”，它是由结核杆菌侵入人体后引起的一种具有强烈传染性的慢性消耗性疾病。它不受年龄、性别、种族、职业、地区的影响，人体许多器官、系统均可患结核病，其中以肺结核最为常见。肺结核的传染90%...,低烧,食欲减退,乏力,咳嗽
便秘,https://jbk.39.net/bm/,"(大便秘结,大便难)",便秘(senile constipation)是指排便次数减少，同时排便困难，粪便干结。正常人每天排便1～2次或2～3天排便1次，便秘患者每周排便少于2次，并且排便费力，粪质硬结、量少。便秘可见于年轻人，但是老年人更常见，约1/3的老年...,排便困难,粪便硬结如羊粪状,便血,排便时间过长
外阴瘙痒,https://jbk.39.net/wysy/,"(外阴瘙痒症,外阴...)",外阴瘙痒是外阴各种不同病变所引起的一种症状，但也可发生于外阴完全正常者，一般多见于中年妇女，当瘙痒加重时，患者多坐卧不安，以致影响生活和工作。,瘙痒,剧痒,阵发性瘙痒,
肺炎,https://jbk.39.net/fy/,(下呼吸道感染，肺...),肺炎是指终末气道、肺泡和肺间质的炎症，可由疾病微生物、理化因素、免疫损伤、过敏及药物所致。细菌性肺炎是最常见的肺炎，也是最常见的感染性疾病之一。日常所讲的肺炎主要是指细菌性感染引起的肺炎，此肺炎也...,发烧,咳嗽,咳痰,肺源性呼吸困难
甲亢,https://jbk.39.net/jk/,(甲状腺功能亢进，...),甲亢，医学术语上指“甲状腺毒症”：是过量的甲状腺激素导致的临床症状，而甲状腺功能亢进症则仅限于甲状腺。是本身激素合成和分泌过度而引起的甲状腺毒症。甲亢是个器官免疫性的疾病，最常侵犯的是甲状腺、眼睛...,高代谢征群,突眼症,甲状腺肿大,甲状腺结节
失眠症,https://jbk.39.net/smz/,"(不眠症,入睡和保...)",失眠通常指患者对睡眠时间和或质量不满足并影响白天社会功能的一种主观体验，包括入睡困难、时常觉醒及(或)晨醒过早。可引起人的疲劳感、不安、全身不适、无精打采、反应迟缓、头痛、记忆力不集中等症状，它的最...,入睡困难,睡过之后精力没有恢复,清晨早醒且不能再度入睡,噩梦
坐骨神经痛,https://jbk.39.net/zgsjt/,(偏痹),坐骨神经痛是以坐骨神经支配区域疼痛为主的综合征，是一种临床症状，而不是一个单独的疾病。坐骨神经痛分为原发和继发；原发少见，即坐骨神经炎；继发常见，是局部及周围组织病变累及坐骨神经，常见的有腰椎间盘...,背部酸痛,腰部僵直感,臀部闪电疼痛,足的放射性疼痛
淋病,https://jbk.39.net/lb/,(淋菌性尿道炎),淋病是由淋病奈瑟菌(简称淋球菌)引起的泌尿生殖系统的化脓性感染，也可侵犯眼睛、咽部、直肠和盆腔等处以及血行播散性感染。是常见的性传播疾病之一。包括了男性急性淋病、男性慢性淋病、女性急性淋病、女性...,尿道局部肿胀,尿道口痒,尿道口有白膜形成,白色黏液状尿
胃溃疡,https://jbk.39.net/wky/,(慢性溃疡),胃溃疡是消化性溃疡的一种，即发生于胃和十二指肠的慢性溃疡，是一种多发病、常见病。溃疡的形成有各种因素，其中酸性胃液对黏膜的消化作用是溃疡形成的基本因素。酸性胃液接触的任何部位，如食管下段、胃肠吻合...,胃疼,胃部隐痛,腹胀,便血
心肌梗塞,https://jbk.39.net/xjgs/,"(心肌梗死,心梗)",心肌梗塞又称心肌梗死，是指在冠状动脉病变的基础上，发生冠状动脉血供急剧减少或中断，引起相应的心肌严重而持久地急性缺血性坏死。临床表现呈突发性，剧烈而持久的胸骨后疼痛，特征性心电图动态衍变及血清酶的...,心慌气短,心音异常,心源性晕厥,心电图异常
直肠癌,https://jbk.39.net/zca/,,直肠癌是指位于齿状线至乙状结肠、直肠交界处之间的癌。是胃肠道中最常见的恶性肿瘤之一。主要表现为腹部隐隐作痛，腹部不适等；直肠癌进展到晚期会有明显的下腹痛，随着病情的进展，肿瘤增长到一定程度，患者会...,大便变细形似铅笔,粪柱变形变细,直肠疼痛,下消化道少量出血
类风湿性关节炎,https://jbk.39.net/lfsxgjy/,"(类风湿关节炎,类...)",类风湿关节炎(rheumatoid arthritis，RA)是一种以侵蚀性关节炎为主要表现的全身性自身免疫病。本病临床表现为以双手和腕关节等小关节受累为主的对称性、持续性多关节炎。病理表现为关节滑膜的慢性炎症、血管翳形成，并可...,爪状趾,晨僵,关节疼痛,关节肿胀
附件炎,https://jbk.39.net/fjy/,"(输卵管炎,卵巢炎...)", 女性内生殖器官中，输卵管、卵巢被称为子宫附件。附件炎是指输卵管和卵巢的炎症。一般指急性附件炎、慢性附件炎、输卵管炎、卵巢炎，但输卵管、卵巢炎常常合并有宫旁结缔组织炎、盆腔腹膜炎，且在诊断时也不易...,白带增多,下腹疼痛,下腹坠胀,腰骶部酸痛
宫外孕,https://jbk.39.net/gwy/,(异位妊娠),凡孕卵在子宫腔以外的任何部位着床者，统称为异位妊娠，习称为宫外孕。根据着床部位不同，有输卵管妊娠、卵巢妊娠、腹腔妊娠、宫颈妊娠、子宫残角妊娠等。异位妊娠中，以输卵管妊娠最多见。约占90%以上。,孕早期腹痛,难免流产或不可避免流产,妊娠时伴有腹痛的阴道流血,妊娠反应
包皮过长,https://jbk.39.net/bpgz/,(包皮包茎阴茎),包皮过长是指男子成年后，阴茎皮肤包裹龟头，使龟头不能完全外露。,性交困难,龟头瘙痒,包皮粘连,器质性早泄
阴囊湿疹,https://jbk.39.net/ynsz/,"(绣球风,胞漏疮)",阴囊湿疹是湿疹的一个亚型，它还俗称“绣球风”、“胞漏疮”等。是一种内外因素引起的过敏性皮肤病。阴囊湿疹一般还分急性、亚急性、慢性等。阴囊湿疹是岭南地区夏季最多见的一种男科皮肤病。由于阴囊表皮起红色...,阴囊上有白色小疙瘩,阴囊瘙痒,股部内侧靠近阴囊处的皮疹,
慢性鼻炎,https://jbk.39.net/mxby/,,慢性鼻炎(chronic rhinitis )是鼻腔粘膜和粘膜下层的慢性炎症。表现为鼻粘膜的慢性充血肿胀，称慢性单纯性鼻炎。若发展为鼻粘膜和鼻甲骨的增生肥厚，称慢性肥厚性鼻炎。若鼻粘膜深红色，表面干燥无光，鼻道有丝状分泌...,鼻黏膜和鼻甲萎缩,鼻粘膜干燥发痒,鼻塞及反射性头痛,鼻内发痒
水痘,https://jbk.39.net/sd/,(水花，水疱),水痘是一种传染性极强的儿童期出疹性疾病，与带状疱疹为同一病毒所引起的两种不同表现的临床病症，水痘为原发感染。经过飞沫或接触传播，感染后可获得持久的免疫力，但以后可以发生带状疱疹。其临床表现为皮肤黏...,发烧,疱疹,斑疹,丘疹
尿毒症,https://jbk.39.net/ndz/,,尿毒症实际上是指人体不能通过肾脏产生尿液，将体内代谢产生的废物和过多的水分排出体外，引起的毒害。现代医学认为尿毒症是肾功能丧失后，机体内部生化过程紊乱而产生的一系列复杂的综合征。而不是一个独立的疾...,下肢浮肿,少尿,肾衰竭,慢性肾损害
低血压,https://jbk.39.net/dxy/,(血压过低),低血压是指体循环动脉压力低于正常的状态。正常血压的变异范围很大，随年龄、体质。 环境因素的不同而有很大变化。由于高血压在 临床上常常引起。心脑、肾等重要脏器的损害而备受重视，高血压的标准世界卫生组织...,头痛,头晕,无力,疲乏
精索静脉曲张,https://jbk.39.net/jsjmqz/,(静脉曲张),精索静脉曲张是由什么引起的呢？精索静脉曲张是一种常见于青年与壮年的疾病，是指由于精索静脉血流淤积而导致精索蔓状丛血管扩张，迂曲和变长。,精索增粗肿胀,输精管变粗,阴囊肿大,
哮喘,https://jbk.39.net/xc/,(支气管哮喘),哮病是由于宿痰伏肺，遇诱因或感邪引触，以致痰阻气道，肺失肃降，痰气搏击所引起的发作性痰鸣气喘疾患。发作时喉中哮鸣有声，唿吸气促困难，甚至喘息不能平卧为主要表现。哮病是内科常见病证之一，在我国北...,小支气管平滑肌挛缩,气喘,鼻煽,喉鸣声
反流性食管炎,https://jbk.39.net/flxsgy/,(胃食管反流病，食...),反流性食管炎(reflux esophagitis)系指由于胃和(或)十二指肠内容物反流入食管，胃食管反流分为生理性和病理性两种。生理性胃食管反流见于正常人，无临床意义。若反流较正常人发生频繁，不能及时清除酸性消化性胃液以及...,胸骨后烧灼样痛,吐酸,反酸,吞咽时胸痛
银屑病,https://jbk.39.net/yxb/,"(牛皮癣,白疕,松皮)",银屑病俗称牛皮癣，是一种常见的易于复发的慢性炎症性皮肤病，特征性损害为红色丘疹或斑块上覆有多层银白色鳞屑。青壮年发病最多，男性发病多于女性，北方多于南方，春冬季易发或加重，夏秋季多缓解。病因和发病...,丘疹,点状出血,全身弥漫性潮红,皮肤瘙痒
粉刺,https://jbk.39.net/cc/,"(痤疮,青春痘,暗疮,...)",痤疮，俗称青春痘、粉刺、暗疮，中医古代称面疮，酒刺。 是一种毛囊皮脂腺的慢性炎症性疾病，其发生主要与青春期后皮脂过多、毛囊皮脂腺导管堵塞、细菌继发感染和炎症反应等因素密切相关。其主要表现为，皮肤颜...,眉弓凹陷,下巴长痘,婴儿黑头粉刺,背部长痘
灰指甲,https://jbk.39.net/hzj/,(甲真菌病 ),甲真菌病(onychomycosis)是由皮肤癣菌、酵母菌和非皮肤癣菌性丝状真菌(霉菌)引起的指(趾)甲感染。仅由皮肤癣菌感染甲板引起的甲病称为甲癣(tinea unguium)。趾甲癣大多由足癣直接传播，指甲癣则可能由手癣传播或因搔抓身体...,轻压指甲，指头微红状不能马上恢复,凹甲,指甲呈扁平形,指甲嵌入肉
男性不育,https://jbk.39.net/nxby/,,男性不育是指男女双方未采取任何避孕措施而没怀孕，并且女方检查正常的情况，称之为男性不育。男性不育主要分两种，第一种是精子异常，主要是少弱畸形精子症和无精子症；其中弱精子症最常见，就是其前向运动精子...,精血不足,精子凝集,精子稀少,精子大头畸形
股骨头坏死,https://jbk.39.net/ggths/,(骨蚀、股骨头无菌...),股骨头坏死因其主要病理系股骨头血运受阻，遭受破坏而引起的股骨头骨质缺血，故多称为股骨头缺血性坏死或股骨头无菌性坏死。常见的类型有：激素性股骨头坏死、酒精性股骨头坏死、外伤性股骨头坏死 老年股骨头坏...,髋关节痛,间歇性跛行,大腿肌肉萎缩,大腿刺痛
白血病,https://jbk.39.net/bxb/,(血癌),1847年德国病理学家鲁道夫魏尔啸首次识别了白血病。白血病的病源是由于细胞内脱氧核糖核酸的变异形成的骨髓中造血组织的不正常工作。骨髓中的干细胞(stem cell)每天可以制造成千上万的红血球和白血球。白血病病人过分...,持续性弛张热,继发感染,骨髓象左移现象,骨髓巨核细胞成熟障碍
骨质增生,https://jbk.39.net/gzzs/,"(增生性骨关节炎,...)",骨质增生症又称为增生性骨关节炎、骨性关节炎(OA)、退变性关节病、老年性关节炎、肥大性关节炎，是由于构成关节的软骨、椎间盘、韧带等软组织变性、退化，关节边缘形成骨刺，滑膜肥厚等变化，而出现骨破坏，引起...,膝盖长骨刺,关节肿痛,脊柱退变,食指和中指僵硬痛麻
子宫内膜异位症,https://jbk.39.net/zgnmywz/,"(子宫腺肌病,内在...)",正常情况下，子宫内膜覆盖于子宫体腔面，如因某种因素，使子宫内膜在身体其他部位生长，即可成为子宫内膜异位症。这种异位的内膜在组织学上不但有内膜的腺体，且有内膜间质围绕;在功能上随雌激素水平而有明显变...,女性不孕,子宫内膜增生性病变,,
尿道炎,https://jbk.39.net/ndy/,(尿道炎症),"尿道炎(urethritis)是指尿道黏膜的炎症,是一种常见病，多见于女性，临床上分为急性和慢性、非特异性尿道炎和淋菌性尿道炎，后两种临床表现类似，必须根据病史和细菌学检查加以鉴别。多为致病菌逆行侵入尿道引起。",尿道烧灼感,尿道痒感,尿血,白色黏液状尿
心绞痛,https://jbk.39.net/xjt/,"(冠心病,缺血性心...)",心绞痛(angina pectoris)是冠状动脉供血不足，心肌急剧的、暂时缺血与缺氧所引起的临床综合征。其特点为阵发性的前胸压榨性疼痛感觉，可伴有其他症状，疼痛主要位于胸骨后部，可放射至心前区与左上肢，常发生于劳动或...,皮肤苍白,出冷汗,心脏杂音,呼吸异常
骨质疏松,https://jbk.39.net/gzss/,(骨质疏松症),骨质疏松症(osteoporosis)是一种系统性骨病，其特征是骨量下降和骨的微细结构破坏，表现为骨的脆性增加，因而骨折的危险性大为增加，即使是轻微的创伤或无外伤的情况下也容易发生骨折。骨质疏松症是一种多因素所致的...,腰骶疼痛,广泛性骨质疏松,驼背,骨骼变形缩短
精神分裂症,https://jbk.39.net/jsflz/,,精神分裂症(schizophrenia)是以基本个性改变，思维、情感、行为的分裂，精神活动与环境的不协调为主要特征的一类最常见的精神病。精神分裂症是精神病中最常见的一组精神病，美国六个区的调查资料显示，其年发病率为0.4...,联想障碍,情感淡漠,思维松弛,幻觉
神经衰弱,https://jbk.39.net/sjsr/,(神经衰弱症，神劳),神经衰弱是一种以脑和躯体功能衰弱为主的神经症。以易于兴奋又易于疲劳为特征，常伴有紧张、烦恼、易激惹等情绪症状及肌肉紧张性疼痛、睡眠障碍等生理功能紊乱症状。这些症状不是继发于躯体疾病和脑器质性病变，...,易疲乏,感觉过敏,注意力不集中,多疑
扁平疣,https://jbk.39.net/bpy/,(瘊子),扁平疣是人类乳头瘤病毒引起的皮肤上突出的病变，又称青年扁平疣。表面多扁平光滑，无明显不适，好发于青少年面部、手背等处。常呈慢性病变过程，属良性疾病。可以治愈，无严重危害。,皮肤瘙痒,丘疹,,
高血压,https://jbk.39.net/gxy/,(高血压病，风眩),高血压是以体循环动脉压升高为主要临床表现的心血管综合征，在未用抗高血压药的情况下，非同日3次测量，收缩压≥140mmHg和(或)舒张压≥90mmHg，可诊断为高血压。高血压是最常见的慢性病，也是心脑血管病最主要的危险...,头晕,视力障碍,心功能失代偿,剧烈头痛
偏头痛,https://jbk.39.net/ptt/,(偏头风),偏头痛是一类有家族发病倾向的周期性发作疾病。表现为发作性的偏侧搏动性头痛，伴恶心、呕吐及羞明，经一段歇期后再次发病。在安静、黑暗环境内或睡眠后头痛缓解。在头痛发生前或发作时可伴有神经、精神功能障碍...,单侧头痛,电击样痛或刺痛的头痛,头痛为搏动性,儿童偏头痛
幽门螺杆菌感染,https://jbk.39.net/ymlgjgr/,(幽门螺旋杆菌感染),幽门螺杆菌是一种螺旋状、革兰阴性、微需氧性细菌。人群中几乎一半终身感染，感染部位主要在胃及十二指肠球部。早在1893年，Bizzozero报道在狗的胃内观察到一种螺旋状微生物。之后，Kreintz和Rosenow在人胃内也发现了螺旋...,肚子疼,腹胀,恶心,反酸
性欲亢进,https://jbk.39.net/xykj/,"(性欲过盛,性欲过)",性欲亢进症，或称性欲过盛症，是指对性行为要求过于强烈、性交过于频繁且能完成性交全过程为主要特征的疾病。主要临床表现为性交过频、过快、过剧，甚者见性即有性兴奋，烦躁不安。中医文献将本病列入阳强病范畴...,性上瘾,,,
心肌炎,https://jbk.39.net/xjy/,,心肌炎（myocarditis）是指由各种原因引起的心肌的局限性或弥漫性炎症。虽然某些心肌炎由于在终期可过渡为充血性或限制性心肌病，而被某些学者视为继发性心肌病，但在发病学上心肌炎毕竟是可区分的疾病类型。引起心...,恶心与呕吐,疲劳,不典型胸痛,胸闷
肝硬化,https://jbk.39.net/gyh/,,肝硬化是临床常见的慢性进行性肝病，由一种或多种病因长期或反复作用形成的弥漫性肝损害。临床上早期由于肝脏功能代偿较强，可无明显症状；后期则有多系统受累，以肝功能损害和门脉高压为主要表现，并常出现消化...,疲乏,乏力,食欲不振,门脉高压
胆囊息肉,https://jbk.39.net/dnxr/,"(胆囊息肉样病变,...)","胆囊息肉(polyp of gallbladder)，是指胆囊壁向囊腔内呈息肉样隆起的一类病变。又称为胆囊息肉样病变(polypoid lesion of gallbladder,PLG)。胆囊息肉样病变可分为良性或恶性病变，但以非肿瘤性病变为多，一般认为直径15mm以上的胆囊...",右上腹痛,恶心与呕吐,食欲下降,息肉样损害
拉肚子,https://jbk.39.net/fx/,"(腹泻,泻肚子)",正常人一般每日排便一次，个别人每日排便2～3次或每2～3日一次，粪便的性状正常，每日排出粪便的平均重量为150～200g，含水分为60%～75%。腹泻(diarrhea)是一种常见症状，是指排便次数明显超过平日习惯的频率，粪质稀薄，...,水样便,口唇泛黑,营养不良性水肿,脂肪泻
胰腺炎,https://jbk.39.net/yxy/,(胰瘅),胰腺炎(pancreatitis)是胰腺因胰蛋白酶的自身消化作用而引起的疾病。常见的有：急性胆源性胰腺炎、蛔虫性急性胰腺炎、胆源性急性胰腺炎、急性出血坏死型胰腺炎等急性胰腺炎，自身免疫性胰腺炎、胆源性慢性胰腺炎等慢...,肚子疼,右上腹痛,左上腹痛,上腹部疼痛
阴道炎,https://jbk.39.net/ydy/,,"阴道炎是女性生殖道感染最常见的疾病, 是不同疾病引起的多种阴道黏膜炎性疾病的总称，每个年龄阶段都可发病，易反复发作。常见阴道炎包括滴虫性阴道炎、 外阴阴道假丝酵母菌病、细菌性阴道病、需氧菌性阴道炎、萎...",排尿时外阴灼热、瘙痒或疼痛,白带增多,脓血性白带,绝经后白带增多
慢性胆囊炎,https://jbk.39.net/mxdny/,(胆囊炎，胆胀),"慢性胆囊炎(chronic cholecystitis)系指胆囊慢性炎症性病变,大多为慢性结石性胆囊炎，占85%～95%，少数为非结石性胆囊炎，如伤寒带菌者。本病可由急性胆囊炎反复发作迁延而来,也可慢性起病。临床表现无特异性，常见的是右...",胆囊积脓,恶心与呕吐,胃灼热,上腹不适
支原体感染,https://jbk.39.net/zytgr/,,支原体（mycoplasma）是细胞外生存的最小微生物。是一类缺乏细胞壁的原核细胞型微生物，大小一般在0.3-0.5um之间，呈高度多形性，有球形、杆形、丝状、分枝状等多种形态。它不同于细胞，也不同于病毒。种类繁多、分布...,白带增多,充血,尿痛,尿道刺痒
外阴炎,https://jbk.39.net/wyy/,(细菌性外阴炎),正常情况下，阴道分泌物呈酸性(宫颈管内粘液则呈碱性)，因而能抑制致病菌的活动、繁殖和上行，炎症一般不易出现。当阴道分泌物酸碱度发生改变，或有特殊病原体侵入时，即可引起炎症反应。,排尿时外阴灼热、瘙痒或疼痛,会阴溃疡,外阴皮肤肿胀,外阴烧灼刺激感
龟头炎,https://jbk.39.net/gty/,"(龟头黏膜炎,阴茎...)",龟头炎(balanitis)指龟头黏膜的炎症，而包皮炎指包皮及其黏膜面的炎症。临床上，两者常同时存在，统称为龟头包皮炎(balanoposthitis)。,尿道口有红斑和水肿,龟头瘙痒,阴茎表浅性溃疡,阴茎和阴囊水肿
甲状腺癌,https://jbk.39.net/jzxa/,(恶性甲状腺肿，石...),甲状腺癌 (thyroid carcinoma)是最常见的甲状腺恶性肿瘤，是来源于甲状腺上皮细胞的恶性肿瘤，绝大部分甲状腺癌起源于滤泡上皮细胞，按病理类型可分为乳头状癌(60%)、滤泡状腺癌(20%)，但预后较好;滤泡状腺癌肿瘤生长较快...,甲状腺结节,声音嘶哑,呼吸异常,吞咽困难
过敏性紫癜,https://jbk.39.net/gmxzd/,"(亨诺-许兰综合征,...)",过敏性紫癜(Allergic Purpura)又称出血性毛细血管中毒症或Henoch-Schnlein综合征。是常见的毛细血管变态反应性疾病，主要病理基础为广泛的毛细血管炎，以皮肤紫癜、消化道粘膜出血、关节肿胀疼痛和肾炎等症状为主要临床表现...,低烧,咽痛,紫癜,关节肿胀
多囊卵巢综合征,https://jbk.39.net/dnlczhz/,(硬化性囊性卵巢综...),多囊卵巢综合征是一种卵巢增大并含有很多充满液体的小囊，雄激素水平增高、不能排卵的内分泌疾病。最显著的特征是无排卵。,月经稀少,女性不孕,肥胖,卵巢性多毛
口臭,https://jbk.39.net/kc1/,"(口气,口腔异味)",所谓口臭(也有称“口气”的)，就是人口中散发出来的令别人厌烦、使自己尴尬的难闻的口气。它严重影响人们的社会交往和心理健康，WHO已将口臭作为一种疾病来进行报道。调查显示，中国口臭患病率为27.5%。而在西方国...,热痰口臭,胃火口臭,虚热口臭,食积口臭
肠梗阻,https://jbk.39.net/cgz/,,肠梗阻(intestinal obstruction，ileus)指肠内容物在肠道中通过受阻。为常见急腹症，可因多种因素引起。起病初，梗阻肠段先有解剖和功能性改变，继则发生体液和电解质的丢失、肠壁循环障碍、坏死和继发感染，最后可致毒血...,便秘伴剧烈腹痛,排便障碍,肚子疼,急腹症
心脏病,https://jbk.39.net/xzb/,,心脏病(heart disease)是心脏疾病的总称，包括风湿性心脏病、先天性心脏病、限制型心脏病、慢性肺源性心脏病、高血压性心肌病、甲亢性心脏病、糖尿病心脏病、高原性心脏病、冠心病、心肌病等各种心脏病。,呼吸困难,心率不齐,心动过速,身体瘦弱
早孕反应,https://jbk.39.net/zyfy/,"(妊娠剧吐,妊娠反...)",在妊娠早期(停经六周左右)，孕妇体内绒毛膜促性腺激素(HCG)增多，胃酸分泌减少及胃排空时间延长，导致头晕、乏力、食欲不振、喜酸食物或厌恶油腻、恶心、晨起呕吐等一系列反应，统称为早孕反应。这些症状一般不需...,尿妊娠试验阳性,孕妇口苦,食欲异常,消瘦
新生儿黄疸,https://jbk.39.net/xsehd/,(新生儿生理性黄疸...),新生儿黄疸是指新生儿期(自胎儿娩出脐带结扎至生后28天)，由于胆红素在体内积聚而导致血中胆红素水平升高而出现皮肤、黏膜及巩膜黄染为特征的病症，本病分为生理性黄疸和病理性黄疸。足月儿生理性黄疸在出生后2～3...,生理性黄疸,巩膜黄染,新生儿母乳喂养后出现黄疸,婴儿脸色发黄
麦粒肿,https://jbk.39.net/mlz/,"(针眼,眼睑炎，睑...)",最靠近眼球边缘的皮肤就是“眼睑”，因为发炎反应或是病菌感染而引起睫毛及眼睑边缘处的发炎称为“眼睑炎”，是最常引起外眼部刺激的原因之一。病人在眼睑上可感受到灼热、刺激及痒感，有的病人甚至有眼睑周围溃...,眼屎多,红眼,眼睑脓肿,颌下淋巴结肿大压痛
白内障,https://jbk.39.net/bnz/,"(老年性白内障,年...)",凡是各种原因如老化、遗传、局部营养障碍、免疫与代谢异常、外伤、中毒、辐射等，都能引起晶状体代谢紊乱，导致晶状体蛋白质变性而发生混浊，称为白内障。此时光线被混浊晶状体阻扰无法投射在视网膜上，就不能看...,瞳孔变白,眼球调节功能减退或消失,玻璃体经瞳孔向前房凸出,眼压升高
结肠癌,https://jbk.39.net/jca/,,是常见的消化道恶性肿瘤，占胃肠道肿瘤的第二位。好发部位为直肠及直肠与乙状结肠交界处，占60%。发病多在40岁以后，男女之比为2：1。,便秘伴剧烈腹痛,癌细胞逆行播散,消化道憩室,下消化道少量出血
附睾炎,https://jbk.39.net/fgy/,,附睾炎多见于中青年，按病程可分为急性附睾炎和慢性附睾炎两种。,脓性分泌物,睾丸疼痛,血清睾酮浓度低下,附睾结石
前列腺癌,https://jbk.39.net/qlxa/,,　前列腺癌在欧美是男性癌死亡的主要原因之一。发病率随年龄增长，80岁以上检查前列腺半数有癌病灶，但实际临床发病者远低于此数，前列腺癌发病有明显的地区和种族差异，据统计中国人最低，欧洲人最高，非洲和以色列...,膀胱残余尿量增多,尿液中有稠厚胶样物,尿流中断,肥大结节纤维组织增生
脑出血,https://jbk.39.net/ncx/,(脑溢血 ),脑出血(cerebral hemorrhage)又称脑溢血，病因多样，绝大多数是高血压小动脉硬化的血管破裂引起，故有人也称高血压性脑出血。按照是否外伤因素引起的可分为外伤性脑室内出血和自发性脑室内出血。脑出血与高血压病的...,血压高,去大脑强直,桥脑出血,脑干出血
鼻炎,https://jbk.39.net/by/,,鼻炎(Rhinitis)指的是鼻腔粘膜和粘膜下组织的炎症。表现为充血或者水肿，患者经常会出现鼻塞，流清水涕，鼻痒，喉部不适，咳嗽等症状。临床的各种鼻炎：急性鼻炎、慢性鼻炎（慢性单纯性鼻炎、慢性肥厚性鼻炎、...,持续性咳嗽,鼻痒,鼻塞,鼻粘膜肿胀
低血糖,https://jbk.39.net/dxt/,,低血糖综合征(hypoglycemic syndrome)是一组由多种病因引起的综合征。血糖浓度常低于3.36mmol/L(60mg/dl)，严重而长期的低血糖症可发生广泛的神经系统损害与并发症。常见的有功能性低血糖与肝源性低血糖，其次为胰岛素瘤及其他...,心悸,冷汗,面色苍白,头晕
慢性肾炎,https://jbk.39.net/mxsy/,"(慢性肾小球肾炎,...)",慢性肾小球肾炎(chronic glomerulonephritis)系指各种病因引起的不同病理类型的双侧肾小球弥漫性或局灶性炎症改变，临床起病隐匿，病程冗长，病情多发展缓慢的一组原发性肾小球疾病的总称，故严格说来它不是一独立性疾病...,蛋白尿,水肿,血压高,慢性肾功能不全
胆囊炎,https://jbk.39.net/dny/,,胆囊炎是细菌性感染或化学性刺激(胆汁成分改变)引起的胆囊炎性病变，为胆囊的常见病。在腹部外科中其发病率仅次于阑尾炎，本病多见于35～55岁的中年人，女性发病较男性为多，尤多见于肥胖且多次妊娠的妇女。,右上腹压痛,恶心,发烧,腹肌紧张
小儿发烧,https://jbk.39.net/xefs/,"(小儿高热,小儿发)",小儿发烧是指当小儿发热，温度在39.1～41℃左右。发热时间超过两周为长期发热。小儿正常体温常以肛温36.5～37.5℃，腋温36～37℃衡量。通常情况下，腋温比口温(舌下)低0.2～0.5℃，肛温比腋温约高0.5℃左右。若腋温超过37.4...,低烧,高热,,
动脉硬化,https://jbk.39.net/dmyh/,(动脉粥样硬化),动脉硬化是动脉的一种非炎症性病变，是动脉管壁增厚、变硬，失去弹性和管腔狭小的退行性和增生性病变的总称，常见的有：1、动脉粥样硬化;2、动脉中层钙化;3、小动脉硬化(arteriolosclerosis)3种。动脉粥样硬化(atherosclerosis...,头晕,胸痛,头痛,心音异常
小儿肺炎,https://jbk.39.net/xefy/,"(小儿急性肺炎,小...)",小儿肺炎是小儿最常见的一种呼吸道疾病，四季均易发生，3岁以内的婴幼儿在冬、春季节患肺炎较多。如治疗不彻底，易反复发作、引起多种重症并发症，影响孩子发育。小儿肺炎临床表现为发热、咳嗽、气促、呼吸困难...,流鼻涕,打喷嚏,小儿咳嗽,干性咳嗽
猪流感,https://jbk.39.net/jxh1n1lg/,"(甲型H1N1流感,甲流)",甲型H1N1流感病毒是A型流感病毒，携带有H1N1亚型猪流感病毒毒株，包含有禽流感、猪流感和人流感三种流感病毒的核糖核酸基因片断，同时拥有亚洲猪流感和非洲猪流感病毒特征。医学测试显示，目前主流抗病毒药物对这种...,发烧,周身不适,咳嗽,咽痛
鼻咽癌,https://jbk.39.net/bya/,(石上疽),发生于鼻咽粘膜的恶性肿瘤。中国的广东、广西、福建、湖南等地为多发区，男多于女。发病年龄大多为中年人，亦有青少年患病者。病因与种族易感性(黄种人较白种人患病多)、遗传因素及EB病毒感染等有关。鼻咽癌是一...,耳内闭塞感,腭部穿孔,鼻内似有擤不出的鼻涕,吞咽困难
青光眼,https://jbk.39.net/qgy/,(绿风内障),青光眼是指眼内压间断或持续升高的一种眼病。持续的高眼压可以给眼球各部分组织和视功能带来损害，如不及时治疗，视野可以全部丧失而至失明。青光眼是导致人类失明的三大致盲眼病之一，总人群发病率为1%，45岁以...,视力障碍,虹视,虹膜节段性萎缩,继发性视神经萎缩
睾丸炎,https://jbk.39.net/gwy1/,(附睾-睾丸炎),睾丸炎是怎么引起的?大多数病毒性睾丸炎，都是由腮腺炎病毒引起的，睾丸炎主要的致病菌主要有大肠杆菌、变形杆菌、葡萄球菌及绿脓肝菌等。,睾丸胀痛,附睾囊肿,男性小腹痛,阴茎和阴囊水肿
焦虑症,https://jbk.39.net/jlz/,(焦虑性神经症，焦...),焦虑症（anxiety neurosis）是一种以焦虑情绪为主的神经症，以广泛和持续性焦虑或反复发作的惊恐不安为主要特征，常伴有自主神经紊乱、肌肉紧张与运动性不安，临床一般分为广泛性焦虑障碍（generalized anxiety disorder，GAD）...,焦虑,坐立不安,失眠,严重情绪障碍
流感,https://jbk.39.net/lhxgm/,(流行性感冒),流行性感冒(infuenza.简称流感)是由流感病毒引起的急性呼吸道传染病，也是一种传染性强、传播速度快的疾病。病原体为甲、乙、丙三型流行性感冒病毒，通过飞沫传播，通常有如下典型症状：突然快速而至的高热、乏力、...,高热,怕冷,头痛,浑身酸痛
阴虱病,https://jbk.39.net/ysb1/,(虱病), 阴虱是虱病的一种，是虱子引起的皮肤病，可通过性接触传染，常为夫妇共患，而以女性为多见。世界各地均有发生，近年来流行于美国和西欧。,脓疱,结节,瘙痒,皮肤有瘙痒抓痕
风湿性关节炎,https://jbk.39.net/fsxgjy/,(关节炎),风湿性关节炎属变态反应性疾病，是风湿热的主要表现之一。多以急性发热及关节疼痛起病，典型表现是轻度或中度发热，游走性多关节炎，受累关节多为膝、踝、肩、肘、腕等大关节，常见由一个关节转移至另一个关节，...,关节疼痛,关节肿胀,关节肿大,弯曲不利
脱发,https://jbk.39.net/tf1/,(掉头发，秃头，鬼...),脱发是头发脱落的现象。有生理性及病理性之分。生理性脱发指头发正常的脱落。病理性脱发是指头发异常或过度的脱落。,永久性秃发,肿瘤性脱发,梳头或洗头时头发脱落增加,毛发异常
毛囊炎,https://jbk.39.net/mny/,(疖),毛囊炎(folliculitis)是指葡萄球菌侵入毛囊部位所发生的化脓性炎症。中医学根据其发病部位及形状有不同的命名，如大珠疮、发际疮、羊胡子疮、蝼蛄疖、蝼蛄患、蟮拱头等。本病好发于头部、项部、臀部、肛周或身体其他...,毛囊性呈鳞片状角化,阴部溃疡,囊肿,丘疹
子宫内膜癌,https://jbk.39.net/zgnma/,"(子宫体癌,子宫癌)",    起源于子宫内膜腺体的恶性肿瘤，又称子宫体癌，绝大多数为腺癌。为女性生殖器三大恶性肿瘤之一，在我国子宫内膜癌远低于子宫颈癌，但在一些西方发达国家，本病高于子宫颈癌，位于妇科恶性肿瘤的首位。高发年龄为58...,阴道出血,阴道分泌物增多,下腹疼痛,下腹胀痛
麻疹,https://jbk.39.net/mz/,(小儿麻疹),"麻疹(measles,rubeola,morbilli)是麻疹病毒引起的急性呼吸道传染病。主要症状有发热、上呼吸道炎、眼结膜炎等，而以皮肤出现红色斑丘疹和颊粘膜上有麻疹粘膜斑为其特征。本病传染性极强，在人口密集而未普种疫苗的地区易...",发烧,上呼吸道卡他症状,红斑样皮疹,斑丘疹
肾积水,https://jbk.39.net/sjs/,,由于尿液从肾脏排出受阻、蓄积，造成尿液潴留而引起肾内压升高，以致肾盂肾盏逐渐扩张，肾实质萎缩与破坏，，统称为肾积水。肾盂积水是由于尿路阻塞而引起的肾盂肾盏扩大伴有肾组织萎缩。尿路任何部位的管道狭窄...,肾盂积水,腹部肿块,少尿,恶心与呕吐
十二指肠溃疡,https://jbk.39.net/sezcky/,,十二指肠溃疡(duodenal ulcer，DU)是常见的慢性疾病之一，是由于多种因素引起的十二指肠黏膜层和肌层的缺损。,疼痛,上腹部疼痛,反酸,烧心
血管瘤,https://jbk.39.net/xgl/,,血管瘤(haemangioma)是由血管组织发生的肿瘤或血管畸形，其中80%属先天性的，属于良性，生长缓慢，很少恶变。血管瘤发生于口腔颌面部的血管瘤占全身血管瘤的60%，其中大多数发生于颜面皮肤、皮下组织及口腔粘膜、如舌...,红斑样皮疹,红斑结节,丘疹,血管痣
急性胰腺炎,https://jbk.39.net/jxyxy/,(胰腺炎，胰瘅),急性胰腺炎(acute pancreatitis，AP)是比较常见的一种急腹症，其发病率占急腹症的第3～5位。其中80%以上的病人病情较轻，即急性水肿性胰腺炎，可经非手术治愈，基本上是一种内科病。10%左右的病人属于重症胰腺炎，即急性出...,胰源性腹痛,突发性右上腹绞痛,恶心与呕吐,急腹症
婴幼儿腹泻,https://jbk.39.net/yyefx/,(初生儿腹泻),在未明确病因前，大便性状改变与大便次数比平时增多，统称为腹泻病(diarrheal disease)。腹泻病是多病因、多因素引起的一组疾病，是儿童时期发病率最高的疾病之一，是世界性公共卫生问题，全球大约每年至少10亿人次发生...,新生儿拉肚子,病毒性腹泻,习惯性腹泻,生理性腹泻
原发性肝癌,https://jbk.39.net/yfxga/,(肝癌),原发性肝癌(primary carcinoma of the liver)是我国常见恶性肿瘤之一。死亡率在消化系统恶性肿瘤中列第3位.我国每年死于肝癌约11万人，占全世界肝癌死亡人数的45%。由于依靠血清甲胎蛋白(AFP)检测结合超声显像对高危人群的监测...,乏力,纳差,食欲下降,腹水
帕金森,https://jbk.39.net/pjs/,"(帕金森病,震颤麻...)",帕金森病(Parkinson's disease)又称"震颤麻痹"，巴金森氏症或柏金逊症，多在60岁以后发病。主要表现为患者动作缓慢，手脚或身体其它部分的震颤，身体失去柔软性，变得僵硬。最早系统描述该病的是英国的内科医生詹母帕金...,静止性震颤,肌张力过高,感觉障碍,运动功能障碍
慢性宫颈炎,https://jbk.39.net/mxgjy/,(慢性子宫颈炎 ),慢性子宫颈炎(chronic cervicitis)是妇科疾病中最为常见的一种。经产妇女较为多见。临床主要表现为白带增多，呈乳白色或微黄色，或为粘稠状脓性，有时为血性或夹杂血丝。一般通过妇科检查不难诊断。宫颈局部多表现为糜...,白带增多,下腹痛,腰骶疼痛,尿频
萎缩性胃炎,https://jbk.39.net/wsxwy/,(慢性萎缩性胃炎，...),萎缩性胃炎(atrophic gastritis)指各种病因引起胃黏膜变薄、固有腺体的减少的一种病理状态，其发病可能是一个多病因综合作用的、漫长的、多阶段、多基因的变异积累过程。慢性胃炎反复发作引起的胃黏膜腺体的萎缩和肠上...,上腹不适,上腹部疼痛,食欲不振,腹胀
肾囊肿,https://jbk.39.net/snz/,"(单纯性肾囊肿,孤...)",单纯性肾囊肿(simple renal cyst)是肾囊性疾病中最多见、症状最轻的一种，常见于50岁以上的成年人而罕见于小儿，故有可能是后天性的。可为孤立性或多发性，多见于男性及左肾，常单侧发病，也可合并对侧肾病变。,腹部不适,上腹部疼痛,腰部钝痛,血尿伴蛋白尿
牙周病,https://jbk.39.net/yzb/,(牙周疾病),牙周病是牙齿支持组织，包括牙龈、牙骨质、牙周韧带和牙槽骨因炎症所致的一种疾病 ，是最常见的口腔疾病之一，也是导致牙齿丧失的一个主要原因。但患者并非所有这些组织都同时患病，视局部炎症的轻重及范围，实...,牙齿臭,牙齿缝隙大,牙齿颜色异常,牙齿遇冷热痛
半月板损伤,https://jbk.39.net/bybss/,,半月板损伤(meniscus injury)是膝部最常见的损伤之一，多见于青壮年，男性多于女性。国外报道内、外侧半月板损伤之比为4～5∶1，而国内报道相反，其比例为1∶2.5。,关节响痛,关节疼痛,打软腿,伸膝障碍
肝囊肿,https://jbk.39.net/gnz/,(单纯性肝囊肿),肝囊肿是一种较常见的肝脏良性疾病，可分为寄生虫性、非寄生虫性和先天遗传性。超声显像广泛应用以来，无症状的先天性肝囊肿十分常见，且常为多发，中年女性较多，常伴多囊肾。先天性肝囊肿囊壁由上皮细胞组成，...,脉氧合不足,腹部肿块,囊肿样改变,无胆汁粪便
胰腺癌,https://jbk.39.net/yxa/,(胰癌),胰腺癌(pancreatic carcinoma)是常见的胰腺肿瘤，是一种恶性程度很高，诊断和治疗都很困难的消化道恶性肿瘤，约90%为起源于腺管上皮的导管腺癌。其发病率和死亡率近年来明显上升。5年生存率<1%，是预后最差的恶性肿瘤之一...,上腹部疼痛,消瘦,甲胎蛋白增高,大便色浅
霉菌性外阴炎,https://jbk.39.net/mjxwyy/,(念珠菌外阴炎),在机体抵抗力减弱或微生物丛间的拮抗作用失去平衡时，本菌即引起念珠菌病。外阴、阴道炎的发生与妊娠、糖尿病、外阴损伤或浸渍，口服避孕药及抗生素等免疫抑制药时、在妊娠期细胞间的免疫力或糖代谢改变，或阴道...,外阴烧灼刺激感,外阴皮肤肿胀,尿痛,阴部溃疡
糖尿病,https://jbk.39.net/tnb/,(消渴),糖尿病是由遗传和环境因素相互作用而引起的常见病，临床以高血糖为主要标志，常见症状有多饮、多尿、多食以及消瘦等。糖尿病可引起身体多系统的损害，引起胰岛素绝对或相对分泌不足以及靶组织细胞对胰岛素敏感性...,多尿,糖尿,消瘦,多饮
狂犬病,https://jbk.39.net/kqb/,(恐水症),狂犬病(rabies)乃狂犬病病毒所致的急性传染病，因其恐水症状比较突出，故又名恐水症(hydrophobia)。人畜共患，多见于犬、狼、猫等肉食动物，人多因病兽咬伤而感染。临床表现为恐水怕风、咽肌痉挛、进行性瘫痪等。,低烧,嗜睡,食欲缺乏,三怕(水声、光、风)现象
淋巴癌,https://jbk.39.net/lba/,(恶性淋巴瘤),恶性淋巴癌又称“淋巴瘤”，是原发于淋巴结或其他淋巴组织的恶性肿瘤，是我国常见的十大恶性肿瘤之一。本病多见于中、青年，男性患者多于女性。本病按其细胞成分的不同可分为何杰金氏病和非何杰金氏淋巴瘤两大类...,淋巴结肿大,盗汗,体重减轻,发烧
甲沟炎,https://jbk.39.net/jgy/,,指甲的生长部称甲基质或甲根，被皮肤覆盖，指甲的两侧与皮肤皱褶相接，形成甲沟。甲沟炎即指甲板两侧与皮肤皱褶结合部的化脓性感染，是临床常见的指(趾)部感染性疾病之一。致病菌为皮肤表面的金黄葡萄球菌。可发...,脓疱,手指尖痛或触痛,指（趾）甲颜色改变,甲身凹沟
胃炎,https://jbk.39.net/wy2/,"(胃肠感染,肠胃炎)",胃炎是指由各种因素引起胃黏膜发生炎症性改变。在饮食不规律，作息不规律的人群尤为高发。根据病程分急性和慢性两种，慢性比较常见。包括急性胃炎（急性化脓性胃炎、急性糜烂性胃炎、急性单纯性胃炎、急性腐蚀性...,食欲不振,体重减轻,疲乏,皖腹痞闷
肛裂,https://jbk.39.net/gl/,(肛门裂),肛裂是齿状线以下肛管皮肤全层的小溃疡。其方向与肛管纵轴平行，长约0.5～1.0cm，呈梭形或椭圆形，愈合困难，是中青年人产生肛管处剧痛的常见原因。而肛管浅表裂伤不能视为肛裂，因其能很快自愈，且常无症状。肛裂...,肛门病变,排粪时肛门灼痛,肛门短时间阵发性钝痛,肛周囊肿
植物神经紊乱,https://jbk.39.net/zwsjgnwl/,(植物神经功能失调...),植物神经紊乱是因长期的精神紧张，心理压力过大，以及生气和精神受到刺激后所引起的一组症状群。,情绪起伏大,烦躁不安,焦虑,心慌
甲减,https://jbk.39.net/jzxgnjt/,"(甲状腺功能减退,...)",甲状腺功能减退症（简称甲减），是由于甲状腺激素合成及分泌减少，或其生理效应不足所致机体代谢降低的一种疾病。按其病因分为原发性甲减，继发性甲减及周围性甲减三类。　,表情淡漠,头痛,心动过缓,厌食
鹅口疮,https://jbk.39.net/ekc/,(念白菌病，雪口病...),鹅口疮是新生儿时期经常见到的疾病，尤其是出生一周以后的早产儿。俗称白口糊，中医叫雪口症。是由白色念珠菌感染引起的，是属于真菌的一种，也称霉菌。一般认为是由于新生儿免疫机能低下，如虚弱，营养不良，腹...,口角生疮,口腔难愈的白色片状物,口腔念珠菌感染,口腔粘膜上白色较硬的隆起斑块
腱鞘炎,https://jbk.39.net/jqy/,(鼠标手),腱鞘就是套在肌腱外面的双层套管样密闭的滑膜管，是保护肌腱的滑液鞘。它分两层包绕着肌腱，两层之间一空腔即滑液腔，内有腱鞘滑液。内层与肌腱紧密相贴，外层衬于腱纤维鞘里面，共同与骨面结合，具有固定、保护...,腱鞘变干,腱鞘厚化,疼痛,
乳头内陷,https://jbk.39.net/rtnx/,(乳头凹陷),女性乳房的乳头如不凸出于乳晕平面，甚至凹入陷于皮面之下，致局部呈火山口状时，称乳头内陷(crater nipple)，是一种较常见的女性乳房畸形。有报道乳头凹陷的妇女的比例高达40%。乳头内陷有两种情形：乳头退缩或翻入乳...,,,,
小儿急性支气管炎,https://jbk.39.net/xejxzqgy/,(小儿外感咳嗽，急...),急性支气管炎(acute bronchitis)或急性气管支气管炎(acute treacheo broncitis)是由于各种致病原引起的支气管粘膜炎症，由于气管常同时受累，故称为急性气管支气管炎。在婴幼儿时期发病较多、较重，常并发或继发于上下呼吸...,咳嗽,干咳,发烧,啰音
肝癌,https://jbk.39.net/ga/,,肝癌(liver cancer)是死亡率仅次于胃癌、食道癌的第三大常见恶性肿瘤，初期症状并不明显，晚期主要表现为肝痛、乏力、消瘦、黄疸、腹水等症状。临床上一般采取西医的手术、放化疗与中药结合疗法，但晚期患者因癌细胞...,乏力,消瘦,腹水,纳差
红眼病,https://jbk.39.net/hyb/,(急性卡他性结膜炎...),急性卡他性结膜炎（acute catarrhal conjunctivitis）俗称“红眼”或“火眼”，是由细菌感染引起的一种常见的急性流行性眼病。其主要特征为结膜明显充血，脓性或粘液脓性分泌物，有自愈倾向。,眼睛发红,视力障碍,睫状充血,泪溢
支气管扩张,https://jbk.39.net/zqgkz/,(支气管扩张症，支...),支气管扩张(bronchiectasis)以局部支气管不可逆性解剖结构异常为特征，是由于支气管及其周围肺组织慢性化脓性炎症和纤维化，使支气管壁的肌肉和弹性组织破坏，导致支气管变形及持久扩张。典型的临床症状有慢性咳嗽、...,脓痰,胸闷,咯血如注,气管隆突以上的损伤
结肠炎,https://jbk.39.net/jcy/,(非特异性溃疡性结...),结肠炎腹痛一般多为隐痛或绞痛，常位于左下腹或小腹。其它表现有食欲不振、腹胀、恶心、呕吐及肝大等;左下腹可 有压痛，有时能触及痉挛的结肠。常见的全身症状有消瘦、乏力、发热、贫血等。有少部分病人在慢性的...,便血,大便溏泄,腹满便溏,便血鲜红
卵巢早衰,https://jbk.39.net/lczs/,,卵巢早衰定义：女性在40岁以前出现卵巢功能减退的现象，称为卵巢早衰(Premature ovarian failure)。POF的发病率占成年女性的1-3%。临床表现伴见不同程度的潮热多汗、阴道干涩、性欲下降等绝经前后症状，使患者未老先衰，给其...,潮红潮热,性欲减退,多梦,紧张
卵巢癌,https://jbk.39.net/lca/,(症癜，卵巢恶性肿...),卵巢癌是女性生殖器官常见的肿瘤之一，发病率仅次于子宫颈癌和子宫体癌而列居第三位。但因卵巢癌致死者，却占各类妇科肿瘤的首位，对妇女生命造成严重威胁。由于卵巢的胚胎发育，组织解剖及内分泌功能较复杂，它...,消瘦,下腹胀痛,下腹部包块,绝经后出血
多毛状小阴唇,https://jbk.39.net/dmzxyc/,(女阴多毛状乳头瘤...),多毛状小阴唇(hairy nymphae)又称女阴假性湿疣(pseudocondyloma of vulae)，女阴乳头状多毛症(hirsuties papillaris vulvae)，女阴多毛状乳头瘤(hirsutoid papilloma of vulvae)。假性湿疣多见于青年妇女，未婚或已婚均可发生;发病年龄主要为18...,丘疹,小阴唇及前庭也有散在的白色圆形及环形丘疹,毛发异常,阴部溃疡
登革热,https://jbk.39.net/dgr/,"(波尔加热,古典登...)",登革热(dengue fever)是由伊蚊传播登革病毒(dengue virus)引起的急性传染病。主要通过埃及伊蚊或白纹伊蚊为媒介进行传播。其特点为急性起病，发热，全身肌肉、骨、关节痛，极度疲乏，皮疹，淋巴结肿大及血液白细胞、血小...,发烧,出血倾向,红斑样皮疹,头痛
骨关节炎,https://jbk.39.net/ggjy/,(骨关节病，退行性...),"骨关节炎(osteoarthritis,OA)又称为骨关节病，退行性关节病和骨质增生，是一种最常见的关节疾病。该病不仅发生关节软骨损害，还累及整个关节，包括软骨下骨、韧带、关节囊、滑膜和关节周围肌肉，最终发生关节软骨退变、纤...",关节疼痛,肌肉萎缩,关节畸形,关节肿大
肛瘘,https://jbk.39.net/gl2/,(肛漏),肛管直肠瘘主要侵犯肛管，很少涉及直肠，故常称为肛瘘，是与会阴区皮肤相通的肉芽肿性管道，内口多位于齿线附近，外口位于肛周、皮肤处。整个瘘管壁由增厚的纤维组织组成，内复一层肉芽组织，经久不愈。发病率仅...,排便障碍,肛周皮肤潮红,肛门短时间阵发性钝痛,肛门括约肌松弛
脂肪瘤,https://jbk.39.net/zfl/,,脂肪瘤(lipoma)是起源于脂肪组织的一种良性肿瘤。瘤周有一层薄的结缔组织包囊，内有被结缔组织束分成叶状成群的正常脂肪细胞。有的脂肪瘤在结构上除大量脂肪组织外，还含有较多结缔组织或血管，即形成复杂的脂肪瘤...,无痛性硬实结节,皮下沉积所出现的粟粒样结节,皮下指头至鸽蛋大的肿块结节,纤维性钙化结节
阴茎异常勃起,https://jbk.39.net/yjycbq/,(强中),阴茎异常勃起(priapism)是指与性欲无关的阴茎持续勃起状态。阴茎持续勃起超过6小时已属于异常勃起。传统上阴茎异常勃起分为原发性(特异性)和继发性。按血流动力学分为低血流量型(缺血性)和高血流量型(非缺血性)。阴茎...,男子性功能障碍,阴茎异常勃起,痛性阴茎勃起,
颈椎病,https://jbk.39.net/jzb/,(颈椎退行性变，颈...),颈椎病又称颈椎综合征，是一种以退行性病理改变为基础的疾患，主要由于颈椎长期劳损、骨质增生，或椎间盘脱出、韧带增厚，致使颈椎脊髓、神经根或椎动脉受压，出现一系列功能障碍的临床综合征。颈椎病主要表现是...,上肢麻痹,肩背痛,颈椎痛,枕部和颈后疼痛
分泌性中耳炎,https://jbk.39.net/fmxzey/,"(胶耳,中耳炎,渗出...)",分泌性中耳炎(secretory otitis media)是以鼓室积液及听力下降为主要特征的中耳非化脓性炎性疾病。中耳积液可为浆液性漏出液或渗出液，亦可为粘液。本病命名尚不统一，有称为渗出性中耳炎、卡他性中耳炎、浆液性中耳炎、...,耳内发胀,血性耳漏,咽鼓管堵塞,耳道流脓
破伤风,https://jbk.39.net/psf/,"(金疮痉,伤痉)",破伤风是由破伤风梭菌侵入人体伤口后，在厌氧环境下生长繁殖，产生嗜神经外毒素而引起全身肌肉强直性痉挛为特点的急性传染病。重型患者可因喉痉挛或继发严重肺部感染而死亡。新生儿破伤风由脐带感染引起，病死率...,喉头痉挛,角弓反张位,痉笑面容,全身骨骼肌痉挛
生殖器念珠菌病,https://jbk.39.net/szqnzjb/,(念珠菌性外阴阴道...),生殖器念珠菌病主要是由白色念珠菌(candida albicans)感染所引起的一种常见的黏膜念珠菌病。可累及男女两性，男性中表现为念珠菌性包皮龟头炎，好发于包皮过长者;而女性中表现为外阴阴道念珠菌病好发于育龄妇女，以外...,粘膜有粘着性白斑,阴道口局部红肿热痛,外阴烧灼刺激感,念珠菌感染
气管炎,https://jbk.39.net/qgy1/,,气管炎(chronic bronchitis)是由于感染或非感染因素引起的气管、支气管粘膜炎性变化，粘液分泌增多，临床上以长期咳嗽、咯痰或伴有喘息为主要特征。本病早期症状较轻，多在冬季发作，春暖后缓解，且病程缓慢，故不为人...,咳嗽,喘息,咳痰,吐白沫痰
窦性心动过速,https://jbk.39.net/dxxdgs/,(心动过速),窦性心动过速(sinus tachycardia)是指成人窦房结冲动形成的速率超过每分钟100次，速率常在每分钟101-160次之间。窦性心动过速开始和终止时，其心率逐渐增快和减慢。。窦性心动过速是常见的心律失常。,心率增快,心悸,心慌气短,胸闷
强迫症,https://jbk.39.net/qpz/,,强迫性障碍(obsessive-compulsive disorder)简称强迫症，以反复出现强迫观念(obsession)为基本特征的一类神经症性障碍。强迫观念是以刻板形式反复进入患者意识领域的思想、表象或意向。这些思想、表象或意向对患者来说，是没有...,强迫行为,强迫观念,,
胆汁返流性胃炎,https://jbk.39.net/dzflxwy/,(碱性返流性胃炎),胆汁返流性胃炎，也称硷性返流性胃炎，系指由于胆汁返流入胃所引起的上腹痛、呕吐胆汁、腹胀、体重减轻等一系列表现的综合征，常见于胃切除、胃肠吻合术后，总发病率约5%左右，其中BillrothⅡ式胃切除术后的发病率...,胃灼热,餐后发作性腹痛,胆汁返流,中上腹持续性疼痛
肠炎,https://jbk.39.net/cy/,,肠炎是细菌、病毒、真菌和寄生虫等引起的胃肠炎、小肠炎和结肠炎。临床表现有恶心、呕吐、腹痛、腹泻、稀水便或粘液脓血便。部分病人可有发热及里急后重感觉，故亦称感染性腹泻。肠炎按病程长短不同，分为急性和...,恶心,水样便,肚子疼,肠鸣欲便
先天性心脏病,https://jbk.39.net/xtxxzb/,"(先心病,心脏病,小...)",先天性心血管病是先天性畸形中最常见的一类。随着心脏诊断方法及外科手术治疗技术的进展，目前绝大多数先天性心血管病均能获得明确的诊断和手术矫正治疗，预后较前有明显的改观。,劳力性呼吸困难,紫绀,生长缓慢,肺动脉瓣狭窄杂音
直肠息肉,https://jbk.39.net/zcxr/,,直肠息肉是直肠良性肿瘤的一种，是直肠内有粘膜覆盖的肿物，呈小的结节状粘膜隆起或为大的带蒂的肿物，一般为单个，少数为多个，若很多息肉聚集直肠或累及结肠者谓之息肉病。息肉源于炎症的称炎性息肉;粘膜呈增...,息肉,肛乳头肥大,息肉样损害,里急后重
股癣,https://jbk.39.net/gx2/,,股癣是指股内侧、会阴、臀部感染真菌后引起的皮肤病。股癣的真菌可以通过内衣、浴巾等传播，也可通过性生活传播，故股癣也被列入性传播性疾病之中。但临床上80%以上的股癣是通过非性交传播的。在我国引起股癣的病...,大腿内侧红斑,股部内侧靠近阴囊处的皮疹,腹股沟痒,鳞屑
喉癌,https://jbk.39.net/ha/,(喉疳),喉癌(carcinoma of larynx)是一种比较常见的恶性肿瘤，发病率约占全身肿瘤的1～5%，在耳鼻喉科领域中仅次于鼻咽癌和鼻腔，鼻窦癌，居第三位。好发年龄为50～70岁。男性较女性多见，约为8：1，以东北、华北和华东地区发病率...,咽部异物感,喉部堵塞感,咳嗽,呼吸异常
肝炎,https://jbk.39.net/gy/,,肝炎(学名：Hepatitis)是肝脏的炎症。肝炎的原因可能不同，最常见的是病毒造成的，此外还有自身免疫造成的。酗酒也可以导致肝炎。肝炎分急性和慢性肝炎。,巩膜黄染,肝区痛,肝肿大,食欲不振
鸡眼,https://jbk.39.net/jy/,(胼胝，肉刺),鸡眼和胼胝是皮肤由于长期受挤压或受摩擦而发生的角质性增生。鸡眼一般都出现在脚趾，为圆锥形角质增生，胼胝则为斑块状角质增生。主要发生于手、足、指、趾受摩擦或挤压部位。,黄色结节,眼缺陷,角质增厚,压痛
禽流感,https://jbk.39.net/qlg/,"(H7N9,H7N9禽流感,人...)",禽流感（Bird Flu或Avian Influenza）是禽流行性感冒的简称，它是一种由甲型流感病毒的一种亚型（也称禽流感病毒）引起的传染性疾病，被国际兽疫局定为甲类传染病，又称真性鸡瘟或欧洲鸡瘟。也能感染人类引起发病，成为...,流感样症状,发烧,头痛,咳嗽
狐臭,https://jbk.39.net/hc/,"(腋臭,臭汗症)",狐臭又称为腋臭、臭汗症等，是由患者腋窝、外阴、口角等部位的大汗腺(又叫顶浆腺)排泄的汗液，脂肪酸比普通人高，呈淡黄色，较浓稠;脂肪酸达到一定浓度，经皮肤表面的细菌，主要是葡萄球菌的分解，产生不饱和脂肪...,腋窝有异味,臭汗,腋窝多汗,多汗且臭味较浓
膀胱癌,https://jbk.39.net/bga/,(溺血),膀胱癌是泌尿系统最常见的恶性肿瘤，发病率居泌尿系统恶性肿瘤的首位。其发病原因还不清楚，一般认为与经常接触致癌物如萘胺、联苯胺等有关，日常生活中常见的染料，橡胶、塑料制品，油漆、洗涤剂等也有潜在的致...,逼尿肌无反射,耻区肿块,无痛性尿血,白细胞尿
阑尾炎,https://jbk.39.net/lwy/,,阑尾炎(Appendicitis)是指阑尾由于多种因素而形成的炎性改变。它是一种常见病，其预后取决于是否及时的诊断和治疗。早期诊治，病人多可短期内康复，死亡率极低(o.1%一0.2%);如果延误诊断和治疗可引起严重的并发症，甚至...,肚子疼,右下腹痛,恶心与呕吐,食欲不振
抑郁症,https://jbk.39.net/yyz/,(忧郁症),抑郁症是抑郁障碍的一种（抑郁障碍还包括心境恶劣），是一种慢性复发性疾病，其症状包括情绪低落、兴趣减少、思维迟缓、注意和记忆减退、自我否定、胃口变差、活动减少等。抑郁症的患病率呈上升的趋势，目前抑郁...,情绪低落,思维缓慢,焦虑,气滞
高尿酸血症,https://jbk.39.net/gnsxz/,(痛风),高尿酸血症又称痛风(gout)，是一组嘌呤代谢紊乱所致的疾病，其临床特点为高尿酸血症(hyperuricemia)及由此而引起的痛风性急性关节炎反复发作、痛风石沉积、痛风石性慢性关节炎和关节畸形，常累及肾脏引起慢性间质性肾炎...,尿酸盐在关节内沉积增多,尿酸结晶,关节液中白细胞内有尿酸结晶,肥胖
包茎,https://jbk.39.net/bj/,,包茎是由于包皮口狭窄或包皮与阴茎头炎症后粘连而不能上翻露出阴茎头者。包茎分先天性和后天性，先天性包茎分为萎缩型和肥大型，后天性包茎系炎症、外伤等使包皮口粘连狭窄所致。先天性包茎随阴茎的生长、勃起，...,包皮粘连,,,
急性阑尾炎,https://jbk.39.net/jxlwy/,"(阑尾炎,盲肠炎，...)",急性阑尾炎是外科常见病，居各种急腹症的首位。转移性右下腹痛及阑尾点压痛、反跳痛为其常见临床表现，但是急性阑尾炎的病情变化多端，因此对每一具体病例都应认真对待，详尽询问病史，仔细检查，这样才能准确诊...,肚子疼,恶心与呕吐,发烧,压痛
脑梗死,https://jbk.39.net/ngs1/,(脑梗塞),脑梗死(cerebral infarction，CI)是缺血性卒中(ischemic stroke)的总称，包括脑血栓形成、腔隙性梗死和脑栓塞等，约占全部脑卒中的70%，是脑血液供应障碍引起脑部病变。脑梗死是由于脑组织局部供血动脉血流的突然减少或停...,头痛,头晕,头昏,肢体麻痛
风疹,https://jbk.39.net/fz1/,"(病毒性风疹,德国...)","风疹(rubella,German measles)是由风疹病毒引起的一种常见的急性传染病。又称风痧，痧子等 。是儿童常见的一种呼吸道传染病。由于风疹的疹子来得快，去得也快，如一阵风似的，风疹也因此得名。风疹病毒在体外生活力很弱...",发烧,头痛,食欲减退,疲劳
口腔癌,https://jbk.39.net/kqa/,,口腔癌是指发生于口腔的恶性肿瘤。包括唇癌、牙龈癌、舌癌、软硬腭癌、颌骨癌、口底癌、口咽癌、涎腺癌和上颌窦癌以及发生于颜面部皮肤粘膜的癌症等。口腔癌是头颈部较常见的恶性肿瘤之一。口腔癌以男性多见。口...,口痛,溃疡,口腔痛,疼痛
美尼尔氏综合症,https://jbk.39.net/mneszhz/,(梅尼埃病，内耳眩...),美尼尔氏综合症是以膜迷路积水的一种内耳疾病。本病以突发性眩晕、耳鸣、耳聋或眼球震颤为主要临床表现，眩晕有明显的发作期和间歇期。病人多数为中年人，患者性别无明显差异，首次发作在50岁以前的病人约占65%，...,耳痛,头痛,听觉障碍,恶心
慢性胰腺炎,https://jbk.39.net/mxyxy/,(胰胀),慢性胰腺炎(chronic pancreatitis)是由于各种因素造成的胰腺组织和功能的持续性、永久性损害。胰腺出现不同程度的腺泡萎缩、胰管变形、纤维化及钙化，并出现不同程度的胰腺外分泌和内分泌功能障碍，临床上主要表现为腹...,肚子疼,腹胀,恶心与呕吐,消瘦
酒精肝,https://jbk.39.net/jjxgb/,(酒精性肝病),酒精性肝病是长期酗酒所致酒精中毒性肝脏疾病，包括脂肪肝、酒精性肝类和酒精性肝硬化。本病在西方国家多见，80%～90%的肝硬化病因是由饮酒所引起。在我国对肝炎后引起的肝硬化比较重视，对酒精性肝硬化认为少见而...,指甲呈扇形,肝病面容,肝肿大,肝脏病变弥漫
疝气,https://jbk.39.net/sq/,(疝气病，疝，疝脱...),"疝气，即人体组织或器官一部分离开了原来的部位,通过人体间隙、缺损或薄弱部位进入另一部位。俗称“小肠串气”。自脐部突出的疝称脐疝。临床上分婴儿脐疝和成人脐疝两种。",肚子疼,腹胀,排便障碍,
外阴溃疡,https://jbk.39.net/wyky/,(外阴溃疡病),外阴溃疡(Ulceration of vulva)是发生在女性外阴的一种急性皮肤疾患，多见于大、小阴唇，表现为外阴部有1个或多个溃疡，伴发热、疼痛。往往继发于外阴阴道的炎症性、恶性疾病，有时也可以是全身疾病在外阴和阴道的反映,会阴溃疡,腹股沟淋巴结肿大,脓血性白带,白带增多
结膜炎,https://jbk.39.net/jmy3/,,结膜炎(conjunctivitis)是眼科的常见病，但是其发病率目前尚未确定。由于大部分结膜与外界直接接触，因此容易受到周围环境中感染性(如细菌、病毒、及衣原体等)和非感染性因素(外伤、化学物质及物理因素等)的刺激，而且...,结膜乳头增生,结膜充血,流泪,红眼
窦性心动过缓,https://jbk.39.net/dxxdgh/,(窦性心律失常),窦性心动过缓(sinus bradycardia)是窦房结自律性降低所致的窦性心律失常，其频率在60次/min以下。,心动过缓,气短,疲劳,胸闷
玫瑰糠疹,https://jbk.39.net/mgkz/,(风热疮),风热疮是指皮肤出现斑疹、脱屑如糠秕之状，四周浅红呈玫瑰色的急性皮肤病。以前红色或黄褐色斑片，圆形或椭圆形，其长轴与皮纹一致，上覆糠秕状鳞屑为临床特征。本病好发于春秋季节，以青壮年多见。皮疹分布以躯...,玫瑰疹,皮肤瘙痒,丘疹,皮肤干燥
胆囊结石,https://jbk.39.net/dnjs/,(结石性胆囊炎，胆...),胆石症是胆道系统中最常见的病变。根据其所在部位不同，可有胆囊结石、原发性或继发性胆总管结石，肝外胆管或肝内胆管结石之分。但临床实际上，单一部位的结石是可能的但并非常见，往往几种部位的结石在同一患者...,右上腹压痛,腹胀,右上腹痛,胆绞痛
食物中毒,https://jbk.39.net/swzd/,(食源性疾病),食物中毒是指食用了不利于人体健康的物品而导致的急性中毒性疾病，通常都是在不知情的情况下发生食物中毒。食物中毒是由于进食被细菌及其毒素污染的食物，或摄食含有毒素的动植物如毒蕈、河豚等引起的急性中毒性...,肚子疼,恶心与呕吐,面色苍白,胃肠道症状
慢性细菌性前列腺...,https://jbk.39.net/mxxjxqlxy/,,慢性细菌性前列腺炎是由一种或数种病原菌引起的前列腺非急性感染。可因急性细菌性前列腺炎不及时治疗转变成。,尿道口粘连,尿道刺痒,阴茎疼痛,前列腺分泌物含有许多脓缩细胞
奶癣,https://jbk.39.net/nx/,"(婴儿湿疹,胎敛疮,...)",婴儿湿疹中医称奶癣，又名「胎敛疮」。多为体质过敏，为风湿所袭，搏于气血而发。分干、湿二型。起初形如粟粒，散在或密集，疹色红，搔之起白屑，其形如癣疥而不流津水的，为「干敛疮」，偏于风热盛。如皮肤起粟...,丘疹,红斑样皮疹,黄色发亮结痂,水泡
慢性浅表性胃炎,https://jbk.39.net/mxqbxwy/,(非萎缩性胃炎),慢性胃炎(chronic gastritis，CG)指各种病因引起的胃黏膜慢性炎症病变。临床上主要包括两大类即慢性浅表性胃炎(superficial gastritis)和萎缩性胃炎(atrophic gastritis)，其他还有部分特殊类型的胃炎，如胆汁反流性胃炎、门脉高压性...,左上腹痛,腹胀,嗳气,隐痛
黄疸,https://jbk.39.net/hd/,(高胆红素血症),黄疸(jaundice)是常见症状与体征，其发生是由于胆红素代谢障碍而引起血清内胆红素浓度升高所致。临床上表现为巩膜、黏膜、皮肤及其他组织被染成黄色。因巩膜含有较多的弹性硬蛋白(elastin)，与胆红素有较强的亲和力，...,皮肤呈浅黄或深金黄色,病理性黄疸,胆红素升高,巩膜黄染
皮肤病,https://jbk.39.net/pfb/,,皮肤病是指有关皮肤的疾病，是皮肤(包括毛发和甲)受到内外因素的影响后，其形态、结构和功能均发生变化，产生病理过程，并相应的产生各种临床先后表现。皮肤病的发病率很高，反复发作，多比较轻，常不影响患者生...,皮肤瘙痒,皮肤搔痒,皮肤潮红肿胀,股部内侧靠近阴囊处的皮疹
再生障碍性贫血,https://jbk.39.net/zszaxpx/,(髓劳，再障),再生障碍性贫血(aplastic anemia，AA)是一种物理、化学、生物或不明因素作用使骨髓造血干细胞和骨髓微环境严重受损，造成骨髓造血功能减低或衰竭的疾病。以全血细胞减少为主要表现的一组综合征。据国内21省(市)自治区的...,出血倾向,发烧,头晕,牙龈出血
风湿性心脏病,https://jbk.39.net/fsxxzb/,(风心病),风湿性心脏病(简称风心病)是常见的一种心脏病，是风湿病变侵犯心脏的后果，表现为瓣膜口狭窄和/或关闭不全，患者中女多于男。受损的瓣膜以二尖瓣为最常见，也可以几个瓣膜同时受累，称为联合瓣膜病变。,胸闷,呼吸困难,咳嗽,乏力
面瘫,https://jbk.39.net/mt/,"(Bell麻痹,特发性面...)",颜面肌分表情肌和咀嚼肌两部分，前者由面神经支配，后者由三叉神经运动支支配。此处所叙述面肌瘫痪仅讨论表情肌麻痹，即面神经麻痹的有关内容，面神经麻痹在脑神经疾患中较为多见，依据病因将其分成特发性(Bell)、...,早上起床突然发现面颊动作不灵或歪斜,口角下垂,鼻唇沟变浅,口角歪斜，无法说话
咽炎,https://jbk.39.net/yy3/,,咽炎是咽部粘膜，粘膜下组织的炎症，常为上呼吸道感染的一部分。依据病程的长短和病理改变性质的不同，分为急性咽炎、急性单纯性咽炎、慢性咽炎、慢性单纯性咽炎、肥厚性咽炎、萎缩性咽炎、病毒性咽炎、链球菌性...,咽喉干燥及灼热感,咽喉部干燥刺痒,咽部灼热疼痛,咽部充血
小儿厌食症,https://jbk.39.net/xeysz/,(消化功能紊乱),厌食症是指小儿长期食欲不振或食欲减退为主的一类症状。在小儿时期很常见，主要的症状有呕吐、食欲不振、腹泻、便秘、腹胀、腹痛和便血等。这些症状不仅反映消化道的功能性或器质性疾病，且常出现在其他系统的疾...,生理性厌食,情绪性厌食,神经性厌食,食欲不振
鱼鳞病,https://jbk.39.net/ylb/,(蛇皮癣),鱼鳞病，也叫鱼鳞癣中医也叫蛇皮癣，主要以为儿童发病，是遗传性皮肤角化障碍性疾病，鱼鳞病虽然对人体健康没有直接的危害，但会引起身体不适和严重影响美观，给患者造成极大的身心痛苦。,皮肤干燥,鳞屑,皮肤皲裂,皮肤硬化
佝偻病,https://jbk.39.net/glb/,"(维生素D缺乏病,维...)",维生素D缺乏性佝偻病(vitamin D deficiency rickets)，这是一种小儿常见病，一种慢性营养性疾病，占总佝偻病95%以上，本病系因小儿体内维生素D不足引起全身性钙、磷代谢失常以致钙盐不能正常沉着在骨骼的生长部分，最终发生...,胸廓畸形,串珠肋,罗圈腿,膝内翻
更年期综合征,https://jbk.39.net/gnqzhz/,(围绝经期综合征),更年期综合征(climacteric syndrome)系指由于更年期精神心理、神经内分泌和代谢变化，所引起的各器官系统的症状和体片综合症候群。人类寿命的高龄化是现代社会的重要发展趋势。因此更年期和绝经后妇女的健康保健和疾病...,植物神经功能障碍,潮红潮热,夜间盗汗,盗汗
风寒感冒,https://jbk.39.net/fhgm/,,风寒感冒是因风吹受凉而引起的感冒，秋冬发生较多。其症状为浑身酸痛、鼻塞流涕、咳嗽有痰。治疗上西药、中药皆可，亦可采用食疗，不但祛病，而且保健。预防措施为注意保暖，加强体育锻炼，提高免疫力，也可提前...,头痛,流清涕,怕冷,舌苔薄白
2型糖尿病,https://jbk.39.net/iixtnb/,(II型糖尿病),II型糖尿病也叫成人发病型糖尿病，多在35~40岁之后发病，占糖尿病患者90%以上。2型糖尿病病友体内产生胰岛素的能力并非完全丧失，有的患者体内胰岛素甚至产生过多，但胰岛素的作用效果却大打折扣，因此患者体内的胰...,血糖值升高,多食,餐后血糖高,多饮
肾癌,https://jbk.39.net/sa1/,"(肾细胞癌,肾腺癌)",肾肿瘤(renal tumor)在泌尿系肿瘤中较常见，仅次于膀胱肿瘤。绝大多数原发性肾肿瘤为恶性，包括肾细胞癌、肾母细胞瘤(Wilms瘤)及肾盂癌等。肾脏的良性肿瘤包括肾腺瘤、血管平滑肌脂肪瘤、血管瘤、脂肪瘤、纤维瘤以及肾...,腰部钝痛,体重减轻,食欲不振,乏力
腮腺炎,https://jbk.39.net/sxy/,,"流行性腮腺炎(epidemic parotitis,mumps)，简称腮腺炎或流腮，俗称“猪头疯”、“蛤蟆瘟”、“对耳风”等，多发于春季，是儿童和青少年中常见的呼吸道传染病，成人中也有发病，由腮腺炎病病毒所引起。病人是传染源，飞沫...",发烧,怕冷,头痛,咽痛
疥疮,https://jbk.39.net/jc/,,疥疮是由人型疥螨寄生于人体皮肤表层内引起的慢性传染性皮肤病。本病传染性强，主要通过密切接触传染，也可经衣物间接传染，可在家庭或集体人群中流行。,剧痒,日轻夜重的瘙痒,瘙痒,丘疹
糖尿病和高血压,https://jbk.39.net/tnbhgxy/,,糖尿病与高血压均为常见疾病，二者关系密切。糖尿病病人中高血压的患病率明显增高，约为非糖尿病人群的2倍，并随年龄增长、体重增加及病程延长而上升，女性高于男性。国外有关资料显示，糖尿病病人中高血压患病...,多饮,多尿,多食,消瘦
疣,https://jbk.39.net/y1/,"(瘊子,坚头肉)",疣(wart)是由病毒引起的一种皮肤表面赘生物，其病各首见与《内经》。多见于儿童及青年，潜伏期为1～3个月，能自身接扩散。病毒存在于棘层细胞中，可促使细胞增生，形成疣状损害。常见的有寻常疣、扁干疣、传染性软...,丘疹,,,
鼠标手,https://jbk.39.net/sbs/,(迟发性正中神经麻...),“鼠标手”通俗而狭义的讲就是“腕管综合症”，是指人体的正中神经、以及进入手部的血管，在腕管处受到压迫所产生的症状，主要会导致食指和中指僵硬疼痛、麻木与拇指肌肉无力感。现代越来越多的人每天长时间的接...,拇、食、中三指有放射痛,腕部疼痛,感觉障碍,手腕在大拇指侧的疼痛
支原体肺炎,https://jbk.39.net/zytfy/,"(伊顿肺炎,伊顿氏...)",支原体肺炎(mycoplasmal pneumonia)是由肺炎支原体(mycoplasmal pneumonia，MP)引起的肺炎，曾称原发性非典型性肺炎(primary atypical pneumonia)。起病缓慢，有发热、阵发性刺激性咳嗽，少量黏液性或黏液脓性痰(偶有血痰)。肺部体征多不明...,头痛,周身不适,黏液脓性痰,气短
慢性阑尾炎,https://jbk.39.net/mxlwy/,(阑尾炎),慢性阑尾炎是指阑尾急性炎症消退后而遗留的阑尾慢性炎症病变，诸如管壁纤维结缔组织增生、管腔狭窄或闭塞、阑尾扭曲，与周围组织粘连等。,右下腹压痛,右下腹痛,胃脘饱胀,阑尾脓肿
尿道结石,https://jbk.39.net/ndjs/,"(尿路结石,泌尿系...)",尿道结石临床并不多见。多数来源于膀胱及膀胱以上的泌尿系统，如肾结石、输尿管结石或膀胱结石。结石在排出时可停留在尿道或嵌顿于前列腺部尿道、舟状窝或尿道外口。少数继发于尿道狭窄、尿道闭锁、异物或尿道憩...,急性尿潴留,尿意窘迫,尿痛,尿分叉
淋巴瘤,https://jbk.39.net/lbl/,(淋巴癌),淋巴瘤是原发于淋巴结或淋巴组织的恶性肿瘤。临床以无痛性，进行性淋巴结肿大为主要表现。本病可发生于任何年龄，但发病年龄高峰在31~40岁，其中非霍奇金淋巴瘤高峰略往前移。男女之比为：2~3:1。,食欲异常,淋巴结肿大,局部淋巴结肿大,淋巴液流出
心脏神经官能症,https://jbk.39.net/xzsjgnz/,(神经循环衰弱症，...),心脏神经官能症是神经官能症的一种特殊类型，以心血管系统功能失常为主要表现，可兼有神经官能症的其他表现。其症状多种多样，时好时坏，常见有心悸、心前区疼痛、胸闷、气短、呼吸困难、头晕、失眠、多梦等。大...,心悸,心前区隐痛,胸闷,气短
阴茎癌,https://jbk.39.net/yja/,(阴茎恶性肿瘤),阴茎癌(carcinoma of penis)为常见的男性生殖系统的恶性肿瘤之一，过去在我国相当多见，占男性生殖系肿瘤第一位，近年来发病率已有明显降低趋势。多发生于中年人，平均年龄为30岁。患阴茎癌者绝大多数皆有包皮过长。阴...,阴茎异常勃起,阴茎疼痛,阴茎表浅性溃疡,腹股沟淋巴结肿大
甲状腺瘤,https://jbk.39.net/jzxxl/,(甲状腺腺瘤),甲状腺腺瘤(thyroid adenoma)是起源于甲状腺滤泡细胞的良性肿瘤，是甲状腺最常见的甲状腺良性肿瘤。目前认为本病多为单克隆性，是由与甲状腺癌相似的刺激所致。好发于甲状腺功能的活动期。临床分滤泡状和乳头状实性腺...,结节,呼吸困难,颈部淋巴结肿大,声音嘶哑
精囊炎,https://jbk.39.net/jny/,,精囊炎是由大肠杆菌等引起邻近器官前列腺等有感染或任何情况下导致前列腺、精囊充血时，细菌侵及精囊，诱发的炎症，从而引起以血精为主要临床表现的疾病。精囊炎分非特异性和特异性精囊炎两大类，前者包括急性精...,血精,精囊增大,怕冷,发烧
下肢静脉曲张,https://jbk.39.net/xzjmqz/,,指病变范围仅在下肢浅静脉，因其瓣膜功能不全、静脉壁薄弱，影响血液回流，引起静脉延长、弯曲、扩张。大多发生在大隐静脉，少数合并小隐静脉曲张或单独发生在小隐静脉。病变的浅静脉表现为伸长、扩张和蜿蜒屈曲...,静脉曲张,下肢浅静脉曲张,下肢无力,
小儿哮喘,https://jbk.39.net/xexc/,(小儿支气管哮喘，...),支气管哮喘(bronchial asthma)，哮喘是一种表现反复发作性咳嗽、喘鸣和呼吸困难，并伴有气道高反应性的可逆性、梗阻性呼吸道疾病。哮喘是一种严重危害儿童身体健康的常见慢性呼吸道疾病，其发病率高，常表现为反复...,干咳,平卧呼吸困难,三凹征,喘息
肝纤维化,https://jbk.39.net/gxwh/,(肝纤维变性),肝纤维化是指肝脏纤维结缔组织的过度沉积，是纤维增生和纤维分解不平衡的结果。纤维增生是机体对于损伤的一种修复反应，各种病因所致反复或持续的慢性肝实质炎症、坏死可导致肝脏持续不断的纤维增生而形成肝纤维...,肝肿大,食欲不振,易疲乏,恶心与呕吐
急性扁桃体炎,https://jbk.39.net/jxbtty/,(喉蛾，莲房蛾 ),急性扁桃体炎是腭扁桃体的一种非特异性急性炎症，常伴有一定程度的咽粘膜及咽淋巴组织的急性炎症。中医称为“乳蛾”、“喉蛾”或“莲房蛾”。常发生于儿童及青少年。,吞咽痛,恶寒,高热,咽痛
骨折,https://jbk.39.net/gz/,所谓骨折，顾名思义，就是指骨头或骨头的结构完全或部分断裂。多见于儿童及老年人，中青年也时有发生。病人常为—个部位骨折，少数为多发性骨折。经及时恰当处理，多数病人能恢复原来的功能，少数病人可留有不同...,发烧,活动受限,胸廓塌陷畸形,肢体局部的皮肤颜色和温度改变,纵行骨折
带状疱疹,https://jbk.39.net/dzpz/,带状疱疹(herpes zoster，HZ)是水痘带状疱疹病毒(varicella-zoster virus，VZV)引起的急性疱疹性皮肤病。其特征为簇集性水疱沿身体一侧周围神经，呈带状分布，伴有显著的神经痛及局部淋巴结肿大，愈后极少复发。带状疱疹患者一...,皮肤闪电疼痛,剧痒,泡样水肿,淋巴结肿大,反复发作的带状疱疹
宫颈炎,https://jbk.39.net/gjy/,宫颈炎是育龄妇女的常见病，有急性和慢性两种。急性宫颈炎常与急性子宫内膜炎或急性阴道炎同时存在，但以慢性宫颈炎多见。主要表现为白带增多，呈粘稠的粘液或脓性粘液，有时可伴有血丝或夹有血丝。长期慢性机械...,白带增多,脓血性白带,阴道分泌物增多,阴道血性分泌物,阴道脓性分泌物
消化性溃疡,https://jbk.39.net/xhxky/,消化性溃疡(peptic ulcer)主要指发生于胃和十二指肠的慢性溃疡，是一多发病、常见病。溃疡的形成有各种因素，其中酸性胃液对粘膜的消化作用是溃疡形成的基本因素，因此得名。酸性胃液接触的任何部位，如食管下段、胃...,胃重复畸形,上腹不适,胃酸缺乏,幽门管溃疡,柏油便
百日咳,https://jbk.39.net/brk/,百日咳(pertussis，whooping cough)是小儿常见的急性呼吸道传染病，百日咳杆菌是本病的致病菌。其特征为阵发性痉挛性咳嗽，咳嗽末伴有特殊的吸气吼声，病程较长，可达数周甚至3个月左右，故有百日咳之称。幼婴患本病时易...,咳嗽,流鼻涕,打喷嚏,口唇发绀,流泪
支气管肺炎,https://jbk.39.net/zqgfy/,支气管肺炎(bronchopneumonia)又称小叶肺炎，为小儿最常见的肺炎。发展中国家小儿肺炎的发病率明显高于发达国家，病死率和玹死亡率更高于发达国家。和其他发展中国家相似，小儿肺炎是威胁我国儿童健康的严重疾病，无论...,咳嗽,咳痰,呼吸困难,三凹征,烦躁不安
EB病毒感染,https://jbk.39.net/ebbdgr/,"Epstein-Barr病毒(EBV) 又称人类疱疹病毒,为疱疹病毒科嗜淋巴细胞病毒属的成员。它在世界各地都有分布，在人群中的感染非常普遍，为95%以上的成人所携带。EBV是传染性单核细胞增多症的病原体，更为重要的是，EBV与鼻咽癌...",发烧,淋巴结肿大,恶心与呕吐,食欲减退,红斑样皮疹
鼻息肉,https://jbk.39.net/bxr/,鼻息肉是鼻部常见疾病，也与某些全身疾病有关。它是由于鼻粘膜长期炎性反应引起组织水肿的结果。鼻息肉多来源于中鼻道窦口、鼻道复合体和筛窦，高度水肿的鼻粘膜由中鼻道、窦口向鼻腔膨出下垂而形成息肉。由于病...,头痛,息肉,蛙状鼻,鼻内似有擤不出的鼻涕,鼻塞
子宫息肉,https://jbk.39.net/zgxr/,凡生长于宫颈、宫颈管内，或宫腔借细长的蒂附着于子宫壁内的肿块，临床都可称为子宫息肉。因此在宫腔内的息肉样肿块，可有是肌瘤(粘膜下带蒂突入宫腔即成肌瘤样息肉)。子宫内膜息肉是由于宫内膜增生过盛构成...,白带增多,脓血性白带,息肉,,
肛周脓肿,https://jbk.39.net/gznz/,肛管、直肠周围软组织内或其周围间隙内发生急性化脓性感染，并形成脓肿，称为肛管、直肠周围脓肿。其特点是自行破溃，或在手术切开引流后常形成肛瘘。是常见的肛管直肠疾病，也是肛管、直肠炎症病理过程的急性期...,肛周囊肿,肛旁脓肿,肛门病变,肛门剧痛,直肠肛门内胀痛不适
气胸,https://jbk.39.net/qx/,气胸是指无外伤或人为因素情况下，脏层胸膜破裂，气体进入胸膜腔导致胸腔积气而引起的病理生理状况.肺无明显病变由胸膜下气肿泡破裂形成者称特发性气胸;继发于慢阻肺肺结核等胸膜及肺疾病者称继发性气胸.按病理生...,胸痛,胸闷,咳嗽,烦躁不安,气急
鼻出血,https://jbk.39.net/bcx/,鼻出血(epistaxis)又称鼻衄，是临床常见症状之一，多因鼻腔病变引起，也可由全身疾病所引起，偶有因鼻腔邻近病变出血经鼻腔流出者。鼻出血多为单侧，亦可为双侧;可间歇反复出血，亦可持续出血;出血量多少不一，轻者...,恶心与呕吐,带血粘脓鼻涕,鼻腔中后部出血,反复鼻出血,咳巧克力色痰
智齿冠周炎,https://jbk.39.net/zcgzy/,智齿(第三磨牙)牙冠周围的软组织炎症为智齿冠周炎。常发生于18-25岁的青年，是常见口腔疾病之一。,牙龈肿胀,牙龈溢脓,进食困难,吞咽困难,食欲较差
传染性软疣,https://jbk.39.net/crxry/,传染性软疣(molluscum contagiosum)是一种由痘病毒引起的自身接种性病毒性皮肤病。其特点为散在多发的半球状，蜡样光泽丘疹，中央呈脐窝状，可挤出乳酪状软疣小体。好发于儿童和青年人。俗称水瘊子。,红色或紫色，稍高起的丘疹或结节,圆形或卵圆形丘疹或结节,丘疹,,
功血,https://jbk.39.net/gx1/,功能失调性子宫出血(dysfunctional uterine bleeding，DUB)，简称功血，系指由于HPOU轴(即下丘脑-垂体-卵巢-子宫轴简称HPOU)功能失调，而非为生殖道器质性病变所引起的，以月经失调为特征的异常性子宫出血。,更年期功血,子宫出血,绝经后出血,,
