Name,Overview,Aliases,Affected Area,Infectiousness,Cure Rate,Commonly Affected Groups,Typical Symptoms,Insurance Coverage,Medical Department,Treatment Methods,Treatment Cycle,Treatment Cost,Clinical Tests,Common Medications
宫外孕,凡孕卵在子宫腔以外的任何部位着床者，统称为异位妊娠，习称为宫外孕。根据着床部位不同，有输卵管妊娠、卵巢妊娠、腹腔妊娠、宫颈妊娠、子宫残角妊娠等。异位妊娠中，以输卵管妊娠最多见。约占90%以上。详细,异位妊娠,"						输卵管						卵巢				",无传染性,82%,孕龄女性,"						孕早期腹痛						妊娠时伴有腹痛的阴道流血						异位妊娠				",是,"						产科						妇科						生殖健康				",药物治疗、手术治疗,10-30天,市三甲医院约（3000-5000元）,"						产科B超						妊娠试验						盆腔CT				","						米索前列醇片						产复康颗粒						人绒毛膜促性腺激素（HCG）双值检测试纸（胶体金法）				"
小儿肺炎,小儿肺炎是小儿最常见的一种呼吸道疾病，四季均易发生，3岁以内的婴幼儿在冬、春季节患肺炎较多。如治疗不彻底，易反复发作、引起多种重症并发症，影响孩子发育。小儿肺炎临床表现为发热、咳嗽、气促、呼吸困难和肺部细湿罗...详细,"小儿急性肺炎,小儿急性支气管肺炎","						肺				",无传染性,80%,3岁以内的婴幼儿,"						小儿发热						小儿咳嗽						痰鸣音				",是,"						儿科						呼吸内科				",药物治疗,2-4周,市三甲医院约（3000-5000元）,"						C反应蛋白						儿童体检						支原体检查				","						蛇胆川贝胶囊						贝羚胶囊						小儿肺热咳喘颗粒4克				"
小儿发烧,小儿发烧是指当小儿发热，温度在39.1～41℃左右。发热时间超过两周为长期发热。小儿正常体温常以肛温36.5～37.5℃，腋温36～37℃衡量。通常情况下，腋温比口温(舌下)低0.2～0.5℃，肛温比腋温约高0.5℃左右。若腋温超过37.4℃，且一日间...详细,"小儿高热,小儿发热","						全身				",无传染性,85%,婴幼儿,"						低烧						高热						小儿发热				",否,"						儿科						呼吸内科				",药物治疗、物理治疗,10-15天,市三甲医院约（100-500元）,"						体温						抗链球菌溶血素“O”试验						淋巴细胞数				","						感冒清热颗粒						小儿热速清糖浆						小儿肺热咳喘颗粒4克				"
小儿急性支气管炎,急性支气管炎(acute bronchitis)或急性气管支气管炎(acute treacheo broncitis)是由于各种致病原引起的支气管粘膜炎症，由于气管常同时受累，故称为急性气管支气管炎。在婴幼儿时期发病较多、较重，常并发或继发于上下呼吸道感染，并为...详细,小儿外感咳嗽，急性气管支气管炎,"						肺				",无传染性,治愈率98.9%,儿童人群,"						支气管分泌物增加						胸痛						疲劳				",否,"						儿科						呼吸内科				",药物治疗、支持疗法,治疗周期7天,不同医院收费标准不一致，市三甲医院约（5000 —— 8000元）,"						胸部平片				","						小儿肺热咳喘颗粒4克						小儿化痰止咳颗粒						氨溴特罗口服溶液				"
鹅口疮,鹅口疮是新生儿时期经常见到的疾病，尤其是出生一周以后的早产儿。俗称白口糊，中医叫雪口症。是由白色念珠菌感染引起的，是属于真菌的一种，也称霉菌。一般认为是由于新生儿免疫机能低下，如虚弱，营养不良，腹泻，或因感染...详细,念白菌病，雪口病，新生儿鹅口疮,"						口				",无传染性,99%, 婴幼儿 ，刚出生的小宝宝,"						口腔难愈的白色片状物						口腔粘膜上白色较硬的隆起斑块						口腔念珠菌感染				",是,"						儿科						口腔科				",药物治疗,7天,市三甲医院约（500-1000元）,"						口腔内窥镜						吞噬白色念珠菌功能试验						扫描电子显微镜				","						度米芬含片						氟康唑片						复方珍珠口疮颗粒				"
奶癣,婴儿湿疹中医称奶癣，又名「胎敛疮」。多为体质过敏，为风湿所袭，搏于气血而发。分干、湿二型。起初形如粟粒，散在或密集，疹色红，搔之起白屑，其形如癣疥而不流津水的，为「干敛疮」，偏于风热盛。如皮肤起粟，搔痒无度，...详细,"婴儿湿疹,胎敛疮,湿饮疮,干敛疮,湿饮疮","						皮肤				",无传染性,一般经过治疗98%都能有效治疗。,出生后1-3个月的婴儿,"						黄色发亮结痂						剧痒						红斑样皮疹				",否,"						儿科						皮肤科						中医科				",中医药物治疗、西医药物治疗,周期2-3个月,不同医院收费标准不一致，市三甲医院约(2000-5000元),"						皮肤病理检查						皮肤试验				","						脂肪乳注射液(C14～24)						脂肪乳注射液						盐酸特比萘芬乳膏				"
婴幼儿腹泻,在未明确病因前，大便性状改变与大便次数比平时增多，统称为腹泻病(diarrheal disease)。腹泻病是多病因、多因素引起的一组疾病，是儿童时期发病率最高的疾病之一，是世界性公共卫生问题，全球大约每年至少10亿人次发生腹泻，根据世...详细,初生儿腹泻,"						胃						胃				",无传染性,100%,"						粪便量多						发烧						失水				","						急性心力衰竭						心肌炎						肾衰				",否,"						儿科						消化内科				",营养不良、多种维生素缺乏、...,婴幼儿,"						便常规						呼气试验						粪便淀粉颗粒				",,"						肠炎宁颗粒2克						止痢宁片						消旋卡多曲颗粒				"
慢性鼻炎,慢性鼻炎(chronic rhinitis )是鼻腔粘膜和粘膜下层的慢性炎症。表现为鼻粘膜的慢性充血肿胀，称慢性单纯性鼻炎。若发展为鼻粘膜和鼻甲骨的增生肥厚，称慢性肥厚性鼻炎。若鼻粘膜深红色，表面干燥无光，鼻道有丝状分泌物，称慢性干...详细,,"						鼻				",无传染性,50%,所有人群,"						鼻塞及反射性头痛						鼻内发痒						鼻塞				",是,"						耳鼻喉科				",药物治疗、针灸疗法,10-30天,市三甲医院约（1000 —— 3000元,"						鼻中隔						鼻腔内镜				","						鼻炎康片						鼻窦炎口服液						吲哚美辛巴布膏				"
分泌性中耳炎,分泌性中耳炎(secretory otitis media)是以鼓室积液及听力下降为主要特征的中耳非化脓性炎性疾病。中耳积液可为浆液性漏出液或渗出液，亦可为粘液。本病命名尚不统一，有称为渗出性中耳炎、卡他性中耳炎、浆液性中耳炎、浆液-粘液性...详细,"胶耳,中耳炎,渗出性中耳炎,卡他性中耳炎,非化脓性中耳炎","						耳				",无传染性,90%,儿童。所有人群,"						耳内发胀						耳道流脓						小儿发热				",是,"						耳鼻喉科				",药物、手术治疗,2-4周,市三甲医院约（10000 —— 50000元）,"						声阻抗						电测听						耳廓检查				","						克拉霉素片						过氧化氢溶液						施保利通片				"
美尼尔氏综合症,美尼尔氏综合症是以膜迷路积水的一种内耳疾病。本病以突发性眩晕、耳鸣、耳聋或眼球震颤为主要临床表现，眩晕有明显的发作期和间歇期。病人多数为中年人，患者性别无明显差异，首次发作在50岁以前的病人约占65%，大多数病人单...详细,梅尼埃病，内耳眩晕症,"						耳				",无传染性,95%,所有人群,"						耳痛						听觉障碍						耳源性眩晕				",是,"						耳鼻喉科				",药物治疗,10-15天,市三甲医院约（5000 —— 8000元）,"						冷热试验						前庭功能						听力检查				","						甲磺酸倍他司汀片						复方天麻蜜环糖肽片						雷公藤多苷片				"
过敏性鼻炎,变态反应性鼻炎简称变应性鼻炎，一般又称过敏性鼻炎，是发生在鼻粘膜的变态反应，也是呼吸道变态反应常见的表现形式，有时和支气管哮喘同时存在。本病发病率在近20年有显著增加趋热，在发达国家尤为如此。发病年龄以青壮年为...详细,"变态反应性鼻炎,变应性鼻炎","						鼻				",无传染性,>30%,青壮年,"						鼻粘膜肿胀						打喷嚏						鼻塞				",是,"						耳鼻喉科				",药物治疗、免疫治疗、外科治...,>30天,市三甲医院约（500-1000元）,"						气道过敏试验						组胺吸入试验						鼻腔内镜				","						康乐鼻炎片						氯雷他定片						盐酸左西替利嗪胶囊				"
鼻窦炎,鼻窦炎是指发生在鼻窦粘膜的炎症。在各种鼻窦炎中，前组鼻窦发病率高，以上颌窦发病最常见，其后依次为筛窦、额窦和蝶窦。鼻窦炎可以单发，亦可以多发。最常见的致病原因为鼻腔感染后继发鼻窦化脓性炎症。此外，变态反应、机...详细,"鼻渊,鼻炎","						鼻				",无传染性,80%,所有人群,"						鼻窦压痛						脓鼻涕增多且不易擤尽						深侧鼻塞				",是,"						耳鼻喉科				",药物治疗、手术治疗,120天,市三甲医院约（300 —— 500元）,"						耳鼻咽喉CT						鼻咽部MRI						鼻窦检查				","						加替沙星注射液						去氧肾上腺素溴苯那敏胶囊						鼻渊通窍颗粒				"
骨关节炎,"骨关节炎(osteoarthritis,OA)又称为骨关节病，退行性关节病和骨质增生，是一种最常见的关节疾病。该病不仅发生关节软骨损害，还累及整个关节，包括软骨下骨、韧带、关节囊、滑膜和关节周围肌肉，最终发生关节软骨退变、纤维化、断裂、...详细",骨关节病，退行性关节炎，老年性关节炎，肥大性关节炎等,"						关节				",无传染性,10%, 中老年人 ，中年以后发病，...,"						关节疼痛						关节畸形						关节肿大				",是,"						风湿科						骨科						老年科				",药物治疗,1-2个月,市三甲医院约（3000 —— 5000元）,"						人体各关节功能活动范围						关节镜						四肢CT				","						硫酸氨基葡萄糖胶囊						骨肽片				"
卵巢囊肿,卵巢囊肿广义上属于卵巢肿瘤的一种，其病理形态多种多样，是最常见的妇科疾病。各个年龄均可患病，但以20~50岁最多见。根据其性质和形态不同可分为：单一型或混合型、一侧性或双侧性、囊性或实质性、良性或恶性，其中以囊性多...详细,"						卵巢癌						肝硬化						腹膜炎				","						卵巢				",无传染性,98%,20—50岁的女性,"						下腹坠胀						下腹部包块						下腹疼痛				",是,"						妇科				",手术治疗,10-30天,市三甲医院约（3000-5000元）,"						妊娠试验						盆腔CT						腹腔镜				","						桂枝茯苓胶囊						止痛化癥胶囊						红金消结胶囊				"
性交疼痛,性交疼痛是指夫妻性交时不是感到愉快而是感到不适甚至疼痛。性交疼痛现象，有的发生在婚后不久，有的很久才发生，也有的到妇女更年期才发现。疼痛的部位有时仅在外阴部，也有时在阴道内部，还有的影响到腹部、腰部、背部。性...详细,交媾困难，性感不快，性交困难,"						女性生殖						盆腔				",无传染性,60%,成年女性,"						紧张						焦虑						湿疣				",否,"						妇科				",心理治疗、中医治疗、手术治...,3-6月,不同医院收费标准不一致，市三甲医院约(500-2000元),"						产科B超						内分泌检查						盆腔和阴道B超				","						尼尔雌醇						替勃龙						吲哚美辛巴布膏				"
外阴瘙痒,外阴瘙痒是外阴各种不同病变所引起的一种症状，但也可发生于外阴完全正常者，一般多见于中年妇女，当瘙痒加重时，患者多坐卧不安，以致影响生活和工作。详细,"外阴瘙痒症,外阴瘙痒病","						外阴				",无传染性,80%,女性群体，大部分为绝经期前...,"						瘙痒						排尿时外阴灼热、瘙痒或疼痛						日轻夜重的瘙痒				",否,"						妇科				",药物治疗,7-10天,不同医院收费标准不一致，市三甲医院约（100-500元）,"						白带常规				","						肤痒颗粒						聚甲酚磺醛栓						消糜栓				"
外阴炎,正常情况下，阴道分泌物呈酸性(宫颈管内粘液则呈碱性)，因而能抑制致病菌的活动、繁殖和上行，炎症一般不易出现。当阴道分泌物酸碱度发生改变，或有特殊病原体侵入时，即可引起炎症反应。详细,细菌性外阴炎,"						外阴				",无传染性,100%,各年龄段女性，大多是十岁以...,"						性交疼痛						排尿时外阴灼热、瘙痒或疼痛						会阴溃疡				",是,"						妇科				",药物治疗,7天,市三甲医院约（3000 —— 5000元）,"						外阴部妇科常规检查						妇科常规检查						妇科炎症检查				","						复方黄松洗液						甲硝唑氯化钠注射液						结合雌激素乳膏				"
更年期综合征,更年期综合征(climacteric syndrome)系指由于更年期精神心理、神经内分泌和代谢变化，所引起的各器官系统的症状和体片综合症候群。人类寿命的高龄化是现代社会的重要发展趋势。因此更年期和绝经后妇女的健康保健和疾病防治，则是妇...详细,围绝经期综合征,"						全身				",无传染性,98%,市三甲医院约500-600元,"						乳房活检						乳房自检						乳腺B超				",是,"						妇科				",一般疗法、心理疗法、药物疗...,中老年女性,"						多疑						健忘						神志恍惚				","						外阴瘙痒						老年斑						高血压				","						古汉养生精口服液(古汉养生精)						更年安片						坤泰胶囊				"
外阴溃疡,外阴溃疡(Ulceration of vulva)是发生在女性外阴的一种急性皮肤疾患，多见于大、小阴唇，表现为外阴部有1个或多个溃疡，伴发热、疼痛。往往继发于外阴阴道的炎症性、恶性疾病，有时也可以是全身疾病在外阴和阴道的反映。详细,外阴溃疡病,"						外阴						皮肤				",无传染性,87%,青中年妇女,"						会阴溃疡						低烧						疼痛				",是,"						妇科				",一般治疗、病原治疗、物理治...,7天,市三甲医院约（100——1000元）,"						外阴部妇科常规检查						梅毒血清试验						白带常规				","						牛黄消炎片						蒲地蓝消炎片						结合雌激素乳膏				"
慢性宫颈炎,慢性子宫颈炎(chronic cervicitis)是妇科疾病中最为常见的一种。经产妇女较为多见。临床主要表现为白带增多，呈乳白色或微黄色，或为粘稠状脓性，有时为血性或夹杂血丝。一般通过妇科检查不难诊断。宫颈局部多表现为糜烂、子宫颈肥...详细,慢性子宫颈炎 ,"						子宫				",无传染性,>80%,女性,"						白带增多						下腹痛						腰骶疼痛				",否,"						妇科				",中医药物治疗、物理治疗,7-10天,市三甲医院约500-1000元,"						妇科炎症检查						妇科的保健体检						白带常规				","						抗宫炎片						妇科千金片						热淋清颗粒				"
子宫内膜异位症,正常情况下，子宫内膜覆盖于子宫体腔面，如因某种因素，使子宫内膜在身体其他部位生长，即可成为子宫内膜异位症。这种异位的内膜在组织学上不但有内膜的腺体，且有内膜间质围绕;在功能上随雌激素水平而有明显变化，即随月经...详细,"子宫腺肌病,内在性子宫内膜异位症","						子宫				",无传染性,70%,30～40岁女性,"						女性不孕						月经量多						性交疼痛				",是,"						妇科						生殖健康				",手术治疗、药物治疗,1-2个月,市三甲医院约（3000-5000元）,"						子宫输卵管造影						生育镜						直肠镜				","						妇炎净胶囊						痛经宝颗粒						复方醋酸棉酚片				"
附件炎, 女性内生殖器官中，输卵管、卵巢被称为子宫附件。附件炎是指输卵管和卵巢的炎症。一般指急性附件炎、慢性附件炎、输卵管炎、卵巢炎，但输卵管、卵巢炎常常合并有宫旁结缔组织炎、盆腔腹膜炎，且在诊断时也不易区分，这样，...详细,"输卵管炎,卵巢炎，输卵管卵巢炎","						卵巢						输卵管				",无传染性,80%,女性,"						白带增多						下腹疼痛						性交疼痛				",是,"						妇科						中医科				",西医治疗、中医治疗,10天,市三甲医院约（3000 —— 5000元）,"						子宫与附件肿块						子宫及附件检查						子宫输卵管造影				","						金刚藤糖浆						花红颗粒						金鸡胶囊				"
痛经,痛经(dysmenorrhea)，系指经期前后或行经期间，出现下腹部痉挛性疼痛，并有全身不适，严重影响日常生活者。分原发性和继发性两种。经过详细妇科临床检查未能发现盆腔器官有明显异常者，称原发性痛经，也称功能性痛经。继发性痛经...详细,经期疼痛,"						子宫						全身				",无传染性,98%(一般经过有效治疗后98%可以治愈),月经初潮后女性，未婚女青年...,"						下腹痛						下腹坠胀						恶心与呕吐				",是,"						妇科						中医科				",药物治疗,1-3个月,市三甲医院约（500 —— 800元）,"						子宫输卵管造影						白带常规						盆腔和阴道B超				","						痛经宝颗粒						妇女痛经丸						复方对乙酰氨基酚片				"
肝囊肿,肝囊肿是一种较常见的肝脏良性疾病，可分为寄生虫性、非寄生虫性和先天遗传性。超声显像广泛应用以来，无症状的先天性肝囊肿十分常见，且常为多发，中年女性较多，常伴多囊肾。先天性肝囊肿囊壁由上皮细胞组成，囊液多呈无色...详细,单纯性肝囊肿,"						肝				",无传染性,80%(外科手术治疗),中年女性,"						腹部肿块						囊肿样改变						肚子疼				",是,"						肝病						肝胆外科				",手术治疗,1-3个月,市三甲医院约（3000-5000元）,"						磁共振血管造影						肝、胆、胰、脾MRI						肝、胆、脾CT				","						甘草甜素片						拉米夫定片				"
肝硬化,肝硬化是临床常见的慢性进行性肝病，由一种或多种病因长期或反复作用形成的弥漫性肝损害。临床上早期由于肝脏功能代偿较强，可无明显症状；后期则有多系统受累，以肝功能损害和门脉高压为主要表现，并常出现消化道出血、肝性...详细,"						肝性脑病						腹膜炎						黄疸				","						肝				",无传染性,60%,20～50岁的男性,"						疲乏						食欲不振						门脉高压				",是,"						肝病						消化内科				",药物治疗、饮食疗法、手术治...,3个月,市三甲医院约（3000 —— 8000元,"						大生化检查						肝压痛						肝脏及胆囊叩诊				","						肝喜乐胶囊						复方木鸡颗粒				"
脂肪肝,脂肪肝，是指由于各种原因引起的肝细胞内脂肪堆积过多的病变。脂肪性肝病正严重威胁国人的健康，成为仅次于病毒性肝炎的第二大肝病，已被公认为隐蔽性肝硬化的常见原因。脂肪肝是一种常见的临床现象，而非一种独立的疾病。其...详细,脂肝，肝癖，肝痞,"						肝				",无传染性,90%,所有人群，肥胖人群，体质超...,"						肝肿大						肝区痛						疲劳				",是,"						肝病						消化内科				",药物治疗、饮食疗法,2-4个月,市三甲医院约（3000 —— 8000元）,"						凝血酶原时间						肝、胆、胰、脾MRI						肝脏及胆囊叩诊				","						多烯磷脂酰胆碱胶囊						果糖二磷酸钠口服溶液						养肝片				"
黄疸,黄疸(jaundice)是常见症状与体征，其发生是由于胆红素代谢障碍而引起血清内胆红素浓度升高所致。临床上表现为巩膜、黏膜、皮肤及其他组织被染成黄色。因巩膜含有较多的弹性硬蛋白(elastin)，与胆红素有较强的亲和力，故黄疸患者巩...详细,高胆红素血症,"						皮肤						全身				",无传染性,95%,所有人群。新生儿多,"						皮肤呈浅黄或深金黄色						病理性黄疸						胆红素升高				",是,"						肝病						消化内科						儿科				",药物治疗,14天,市三甲医院约（3000 —— 5000元,"						1分钟胆红素						尿常规						白蛋白(A,Alb)				","						复方金钱草颗粒						胆石通胶囊						水飞蓟宾胶囊				"
酒精肝,酒精性肝病是长期酗酒所致酒精中毒性肝脏疾病，包括脂肪肝、酒精性肝类和酒精性肝硬化。本病在西方国家多见，80%～90%的肝硬化病因是由饮酒所引起。在我国对肝炎后引起的肝硬化比较重视，对酒精性肝硬化认为少见而重视不够。随...详细,酒精性肝病,"						肝				",无传染性,40-50%,多在50岁左右出现，80%有5～10...,"						指甲呈扇形						酒精性肝硬化						肝脏病变弥漫				",否,"						肝病						消化内科						肝胆外科				",饮食、药物治疗,1-2年,不同医院收费标准不一致，市三甲医院约（5000 —— 10000元）,"						游离肝素时间						血清总蛋白						血清抗肝肾微粒体抗体				","						肝喜乐胶囊						复方木鸡颗粒						多烯磷脂酰胆碱胶囊				"
胆囊结石,胆石症是胆道系统中最常见的病变。根据其所在部位不同，可有胆囊结石、原发性或继发性胆总管结石，肝外胆管或肝内胆管结石之分。但临床实际上，单一部位的结石是可能的但并非常见，往往几种部位的结石在同一患者中同时存在。...详细,结石性胆囊炎，胆结石,"						胆				",无传染性,98%,发病的高峰年龄为40～50 岁,"						右上腹压痛						右上腹痛						胆绞痛				",是,"						肝胆外科				",手术治疗,1-2周,市三甲医院约（5000-10000元）,"						T管造影						口服法胆道造影						肝、胆、脾CT				","						胆舒胶囊						胆石片						茴三硫片				"
肛裂,肛裂是齿状线以下肛管皮肤全层的小溃疡。其方向与肛管纵轴平行，长约0.5～1.0cm，呈梭形或椭圆形，愈合困难，是中青年人产生肛管处剧痛的常见原因。而肛管浅表裂伤不能视为肛裂，因其能很快自愈，且常无症状。肛裂好发于肛管后...详细,肛门裂,"						肛门				",无传染性,98%, 青壮年，男性比女性多见 ,"						排粪时肛门灼痛						便血						肛裂溃疡				",是,"						肛肠外科				",药物治疗、手术治疗,3-6周,市三甲医院约（3000 —— 5000元,"						大便血液						肛门指检				","						马应龙麝香痔疮膏						美沙拉秦肠溶片						京万红痔疮膏				"
痔疮,痔疮是人体直肠末端粘膜下和肛管皮肤下静脉丛发生扩张和屈曲所形成的柔软静脉团。多见于经常站立者和久坐者。痔疮包括内痔、外痔、混合痔，是肛门直肠底部及肛门粘膜的静脉丛发生曲张而形成的一个或多个柔软的静脉团的一种慢...详细,痔核，痔病，痔疾 ,"						肛门				",无传染性,80%,久坐不动，妊娠孕妈妈，暴饮...,"						静脉曲张性外痔						痔出血						便血鲜红				",是,"						肛肠外科				",药物治疗、饮食疗法、手术治...,4-8周,市三甲医院约（1000 —— 2000元,"						肛门指检				","						普济痔疮栓						肛泰						云南白药痔疮膏				"
佝偻病,维生素D缺乏性佝偻病(vitamin D deficiency rickets)，这是一种小儿常见病，一种慢性营养性疾病，占总佝偻病95%以上，本病系因小儿体内维生素D不足引起全身性钙、磷代谢失常以致钙盐不能正常沉着在骨骼的生长部分，最终发生骨骼畸形。其...详细,"维生素D缺乏病,维生素D缺乏性佝偻病,骨软化,骨软化病,骨软化症,骨质软化,软骨病,英吉利病","						全身				",无传染性,97%,婴儿期较为常见,"						胸廓畸形						串珠肋						罗圈腿				",是,"						骨科				",药物治疗、饮食疗法,60天,市三甲医院约（500-1000元）,"						头颅平片						维生素D						胸部平片				","						龙牡壮骨颗粒						葡萄糖酸钙锌口服溶液						维生素D滴剂				"
股骨头坏死,股骨头坏死因其主要病理系股骨头血运受阻，遭受破坏而引起的股骨头骨质缺血，故多称为股骨头缺血性坏死或股骨头无菌性坏死。常见的类型有：激素性股骨头坏死、酒精性股骨头坏死、外伤性股骨头坏死 老年股骨头坏死、儿童股骨...详细,骨蚀、股骨头无菌性坏死、股骨头缺血性坏死,"						大腿						下肢骨				",无传染性,20%,中老年人,"						髋关节痛						间歇性跛行						大腿刺痛				",是,"						骨科						中西医结合科				",西医治疗、中医治疗、手术治...,30-100天,据不同医院，收费标准不一致，市三甲医院约（5000 —— 8000元）,"						4字试验						四肢的骨和关节平片						骨与关节MRI				","						通络生骨胶囊						硫酸氨基葡萄糖胶囊						恒古骨伤愈合剂				"
半月板损伤,半月板损伤(meniscus injury)是膝部最常见的损伤之一，多见于青壮年，男性多于女性。国外报道内、外侧半月板损伤之比为4～5∶1，而国内报道相反，其比例为1∶2.5。详细,"						腘动脉损伤				","						膝部						下肢骨						关节				",无传染性,60%(外科手术治疗),青壮年运动员,"						关节响痛						关节疼痛						打软腿				",是,"						骨科						中医科				",药物治疗，关节镜手术,4-6个月,市三甲医院约500-1000元,"						关节镜						凯洛格-斯皮德试验						四肢的骨和关节平片				","						跌打丸						三七伤药片						半月板刀				"
腱鞘炎,腱鞘就是套在肌腱外面的双层套管样密闭的滑膜管，是保护肌腱的滑液鞘。它分两层包绕着肌腱，两层之间一空腔即滑液腔，内有腱鞘滑液。内层与肌腱紧密相贴，外层衬于腱纤维鞘里面，共同与骨面结合，具有固定、保护和润滑肌腱，...详细,鼠标手,"						手部				",无传染性,98%,中青年人群，经常做运动的人,"						疼痛						足背部肿胀						腱鞘变干				",是,"						骨科						中医科				",物理治疗、药物治疗,2-3月,市三甲医院约（1000-5000元）,"						肱二头肌长头腱鞘炎						手指屈肌腱鞘炎						桡骨茎突部狭窄性腱鞘炎				","						双氯芬酸钠缓释胶囊						双氯芬酸钠肠溶片						复方七叶皂苷钠凝胶				"
骨质增生,骨质增生症又称为增生性骨关节炎、骨性关节炎(OA)、退变性关节病、老年性关节炎、肥大性关节炎，是由于构成关节的软骨、椎间盘、韧带等软组织变性、退化，关节边缘形成骨刺，滑膜肥厚等变化，而出现骨破坏，引起继发性的骨质...详细,"增生性骨关节炎,退变性关节病,老年性关节炎,肥大性关节炎","						骨				",无传染性,84%,中老年人群,"						膝盖长骨刺						关节肿痛						脚后跟长骨刺				",是,"						骨科						中医科				",药物治疗、物理疗法,14天(手术治疗周期14天),市三甲医院约（1000 —— 3000元）,"						外科检查						脊柱活动度						骨关节及软组织CT				","						腰痛宁胶囊						单氯芬那酸片				"
骨质疏松,骨质疏松症(osteoporosis)是一种系统性骨病，其特征是骨量下降和骨的微细结构破坏，表现为骨的脆性增加，因而骨折的危险性大为增加，即使是轻微的创伤或无外伤的情况下也容易发生骨折。骨质疏松症是一种多因素所致的慢性疾病。在...详细,骨质疏松症,"						骨				",无传染性,10%,所有人群 ，老年人最多,"						广泛性骨质疏松						驼背						骨骼变形缩短				",是,"						骨科						中医科						老年科				",中医治疗、西医治疗,1-2个月,市三甲医院约（1000 —— 3000元）,"						亚健康人群体检						尿羟脯氨酸						维生素U				","						维生素D滴剂						氯膦酸二钠片						碳酸钙D3片				"
气管炎,气管炎(chronic bronchitis)是由于感染或非感染因素引起的气管、支气管粘膜炎性变化，粘液分泌增多，临床上以长期咳嗽、咯痰或伴有喘息为主要特征。本病早期症状较轻，多在冬季发作，春暖后缓解，且病程缓慢，故不为人们注意。晚期...详细,"						急性支气管炎						支气管炎						老年人慢性支气管炎				","						气管				",无传染性,95%,中老年人,"						咳嗽						咳痰						吐白沫痰				",是,"						呼吸内科				",药物治疗、中医治疗、针灸治...,7-10天,市三甲医院约（3000--8000元）,"						WBC						痰液细菌培养						痰液细菌涂片				","						支气管炎片						复方气管炎片						小儿肺热咳喘颗粒4克				"
肺炎,肺炎是指终末气道、肺泡和肺间质的炎症，可由疾病微生物、理化因素、免疫损伤、过敏及药物所致。细菌性肺炎是最常见的肺炎，也是最常见的感染性疾病之一。日常所讲的肺炎主要是指细菌性感染引起的肺炎，此肺炎也是最常见的一...详细,下呼吸道感染，肺部感染性疾病 ,"						肺				",无传染性,95%,所有人群,"						发烧						咳嗽						咳痰				",是,"						呼吸内科				",药物治疗,7-10天。,市三甲医院约（1000-3000元）,"						感染免疫检测						波顿格征						痰液的一般性状				","						盐酸氨溴索片						头孢氨苄甲氧苄啶胶囊						小儿肺热咳喘颗粒4克				"
支气管扩张,支气管扩张(bronchiectasis)以局部支气管不可逆性解剖结构异常为特征，是由于支气管及其周围肺组织慢性化脓性炎症和纤维化，使支气管壁的肌肉和弹性组织破坏，导致支气管变形及持久扩张。典型的临床症状有慢性咳嗽、咳大量脓痰和...详细,支气管扩张症，支扩,"						肺				",无传染性,80%, 儿童和青年 ,"						咳嗽						脓痰						胸闷				",是,"						呼吸内科				",药物治疗,2-3月,市三甲医院约（3000-5000元）,"						PaO2						支气管镜						肺功能				","						盐酸溴己新片						盐酸氨溴索胶囊						小儿肺热咳喘颗粒4克				"
焦虑症,焦虑症（anxiety neurosis）是一种以焦虑情绪为主的神经症，以广泛和持续性焦虑或反复发作的惊恐不安为主要特征，常伴有自主神经紊乱、肌肉紧张与运动性不安，临床一般分为广泛性焦虑障碍（generalized anxiety disorder，GAD）与惊恐障碍（p...详细,焦虑性神经症，焦虑障碍,"						心理				",无传染性,70%,35岁以前的女性,"						焦虑						坐立不安						失眠				",否,"						精神病科						神经内科						心理咨询				",药物治疗、心理疗法,1个月,市三甲医院约（500-1000元）,"						抑郁症						神经衰弱						睡眠障碍				","						普瑞巴林胶囊						盐酸度洛西汀肠溶胶囊						枸橼酸坦度螺酮胶囊				"
强迫症,强迫性障碍(obsessive-compulsive disorder)简称强迫症，以反复出现强迫观念(obsession)为基本特征的一类神经症性障碍。强迫观念是以刻板形式反复进入患者意识领域的思想、表象或意向。这些思想、表象或意向对患者来说，是没有现实意义的，...详细,"						抑郁症				","						心理				",无传染性,30%-70%(主要以精神性疏导治疗为主),有不良个性特征的群体,"						强迫行为						强迫观念				",是,"						精神病科						心理咨询				",心理治疗、药物治疗,3-5年,市三甲医院约（5000-10000元）,"						CT检查						SPECT显像						健康体检				","						尼麦角林片						吉祥安坤丸						盐酸舍曲林片				"
抑郁症,抑郁症是抑郁障碍的一种（抑郁障碍还包括心境恶劣），是一种慢性复发性疾病，其症状包括情绪低落、兴趣减少、思维迟缓、注意和记忆减退、自我否定、胃口变差、活动减少等。抑郁症的患病率呈上升的趋势，目前抑郁症已经成为世...详细,忧郁症,"						心理				",无传染性,70%,成人,"						情绪低落						焦虑						躁郁样				",是,"						精神病科						心理咨询				",药物治疗、心理治疗,30天,市三甲医院约（3000-5000元）,"						脑脊液的化学检查						脑葡萄糖代谢显像						颅脑CT				","						逍遥合剂						舒肝解郁胶囊						解郁丸				"
牙周病,牙周病是牙齿支持组织，包括牙龈、牙骨质、牙周韧带和牙槽骨因炎症所致的一种疾病 ，是最常见的口腔疾病之一，也是导致牙齿丧失的一个主要原因。但患者并非所有这些组织都同时患病，视局部炎症的轻重及范围，实际上牙周病可...详细,牙周疾病,"						口				",无传染性,85%,所有人群,"						牙龈出血						牙龈痛						齿龈炎				",是,"						口腔科				",药物治疗、手术治疗,1-2个月,市三甲医院约（100-500元）,"						牙髓冷热诊						牙髓电活力				","						丁硼乳膏						维生素C泡腾片						补肾固齿丸				"
咽炎,咽炎是咽部粘膜，粘膜下组织的炎症，常为上呼吸道感染的一部分。依据病程的长短和病理改变性质的不同，分为急性咽炎、急性单纯性咽炎、慢性咽炎、慢性单纯性咽炎、肥厚性咽炎、萎缩性咽炎、病毒性咽炎、链球菌性咽炎、淋菌性...详细,"						萎缩性咽炎						慢性单纯性咽炎						链球菌性咽炎				","						咽喉				",无传染性,85%,有烟酒嗜好的成年人,"						咽痛						咽喉干燥及灼热感						咽喉部干燥刺痒				",是,"						口腔科						儿科				",药物治疗、饮食治疗,7-10天,市三甲医院约（500 —— 1000元）,"						耳鼻咽喉CT						鼻咽部MRI				","						咽炎片						咽炎片						十味龙胆花颗粒				"
尿路感染,尿路感染(urinary tract infection，UTI)是指病原体在尿路中生长繁殖，并侵犯泌尿道黏膜或组织而引起的炎症，是细菌感染中最常见的一种感染。尿路感染分为上尿路感染和下尿路感染，上尿路感染指的是肾盂肾炎，下尿路感染包括尿道炎和...详细,"尿感,泌尿道感染","						阴茎						尿道				",无传染性,90%,"育龄女性及绝经后妇女,糖尿...","						复杂性尿路感染						肾脓肿						反复不愈的尿道感染				",是,"						泌尿外科				",药物治疗,2周,市三甲医院约（500-1000元）,"						尿路平片						放射性核素肾图						泌尿系统CT				","						热淋清颗粒						盐酸左氧氟沙星分散片						复方金钱草颗粒				"
慢性细菌性前列腺炎,慢性细菌性前列腺炎是由一种或数种病原菌引起的前列腺非急性感染。可因急性细菌性前列腺炎不及时治疗转变成。详细,"						尿路感染						附睾炎						前列腺结石				","						前列腺				",无传染性,90%,成年男性人群,"						尿频						性欲减退						头晕				",否,"						泌尿外科						男科				",药物治疗,10天,不同医院收费标准不一致，市三甲医院约（3000 —— 8000元）,"						前列腺B超						前列腺指检						前列腺液培养				","						盐酸左氧氟沙星氯化钠注射液						盐酸克林霉素棕榈酸酯干混悬剂						前列通瘀胶囊				"
肾结石,肾结石(calculus of kidney)指发生于肾盏、肾盂及肾盂与输尿管连接部的结石。肾是泌尿系统形成结石的主要部位，其他任何部位的结石都可以原发于肾脏，输尿管结石几乎均来自肾脏，而且肾结石比其他任何部位结石更易直接损伤肾脏，因...详细,"肾石病,肾石，肾石症","						肾				",无传染性,70%,所有人群,"						腰部钝痛						肾盏结石						肾区叩击痛				",是,"						泌尿外科						肾内科				",保守治疗、药物治疗、手术治...,30天,根据不同医院，结石大小不同，收费标准不一致，市三甲医院约（1000 - 6000元）,"						尿隐血						枸橼酸盐利用试验						泌尿系统CT				","						尿石通丸						肾石通颗粒						消石片				"
包皮过长,包皮过长是指男子成年后，阴茎皮肤包裹龟头，使龟头不能完全外露。详细,包皮包茎阴茎,"						阴茎				",无传染性,99%(手术治疗),男性，主要是成年男性为多,"						性交困难						龟头瘙痒						包皮粘连				",是,"						男科				",手术治疗,10-15天,市三甲医院约（1000 —— 3000元）,"						包皮包茎检查						阴茎检查				","						滇桂艾纳香胶囊						醋酸去氨加压素注射液						磷霉素氨丁三醇散				"
精索静脉曲张,精索静脉曲张是由什么引起的呢？精索静脉曲张是一种常见于青年与壮年的疾病，是指由于精索静脉血流淤积而导致精索蔓状丛血管扩张，迂曲和变长。详细,静脉曲张,"						睾丸				",无传染性,85%,青壮年，大多数左侧发病，肾...,"						阴囊坠胀痛						阴囊肿大						阴囊下坠				",是,"						男科						泌尿外科				",药物治疗、手术治疗,2-4月,市三甲医院约（3000 —— 5000元,"						睾丸活检						精液检查						阴囊超声检查				","						曲克芦丁颗粒						七叶皂苷钠片				"
阴茎异常勃起,阴茎异常勃起(priapism)是指与性欲无关的阴茎持续勃起状态。阴茎持续勃起超过6小时已属于异常勃起。传统上阴茎异常勃起分为原发性(特异性)和继发性。按血流动力学分为低血流量型(缺血性)和高血流量型(非缺血性)。阴茎异常勃起还分...详细,强中,"						阴茎				",无传染性,60%,男性，常见5～10岁和20～50岁,"						阴茎异常勃起						充血						排便困难				",是,"						男科						泌尿外科				",药物治疗、手术治疗,2-4周,不同医院收费标准不一致，市三甲医院约（100-500元）,"						外生殖器检查						男性性功能全面测试						男性生殖系X线检查				",
包皮龟头炎,包皮阴茎头炎，是包皮炎和阴茎头炎的合称，是发病率最高的阴茎头包皮疾病。绝大多数为中青年患者，且易反反复复难以治愈。一般分为感染性或非感染性。临床上以感染性的较多见，常由于不洁性交，感染白色念珠菌、滴虫、支原体...详细,包皮炎，包皮阴茎头炎,"						阴茎				",无传染性,90%,成年男性，多半是中年男,"						珍珠丘疹						阴茎表浅性溃疡						龟头瘙痒				",是,"						男科						泌尿外科						生殖健康				",药物治疗,7-14天,市三甲医院约（1000-5000元）,"						产科B超						包皮包茎检查						血清卵泡刺激素				","						高锰酸钾						硼酸洗液				"
阴囊湿疹,阴囊湿疹是湿疹的一个亚型，它还俗称“绣球风”、“胞漏疮”等。是一种内外因素引起的过敏性皮肤病。阴囊湿疹一般还分急性、亚急性、慢性等。阴囊湿疹是岭南地区夏季最多见的一种男科皮肤病。由于阴囊表皮起红色的小疙瘩，奇...详细,"绣球风,胞漏疮","						阴囊						皮肤				",无传染性,60%--70%(多伴有维生素b2的缺乏，故治疗中应及时补充维生素b2),成年男性，长期居住在潮湿的...,"						丘疹						阴囊瘙痒						疱疹				",是,"						男科						皮肤科						传染科				",药物治疗,2-4周,市三甲医院约（500-1000元）,"						阴囊检查				","						地榆槐角丸						二妙丸						二妙丸				"
早泄,早泄是最常见的男性性功能障碍，发病率是约占成年男性的14%～41%。早泄定义多种多样，一般认为早泄为总是或几乎总是发生在插入阴道以前或插入阴道的1分钟以内射精，完全或几乎完全缺乏控制射精的能力，并造成自身的不良后果，...详细,泄泻,"						男性生殖				",无传染性,>30%,青年，中年男性，婚前过度手...,"						器质性早泄						男子性功能障碍						心理性性功能障碍				",是,"						男科						生殖健康				",药物治疗、心理治疗,>120天,市三甲医院约（1000 —— 3000元）,"						前列腺B超						前列腺检查						性激素六项检查				","						盐酸达泊西汀片(爱廷玖)						他达拉非片						盐酸达泊西汀片				"
低血糖,低血糖综合征(hypoglycemic syndrome)是一组由多种病因引起的综合征。血糖浓度常低于3.36mmol/L(60mg/dl)，严重而长期的低血糖症可发生广泛的神经系统损害与并发症。常见的有功能性低血糖与肝源性低血糖，其次为胰岛素瘤及其他内分泌性疾病...详细,,"						血液血管						胰腺				",无传染性,95%,市三甲医院约（3000 —— 5000元）,"						胰岛素低血糖兴奋GH、ACTH试验						胰高糖素激发试验						胰高血糖素				",否,"						内分泌科				",药物治疗、支持疗法,糖尿病患者，中老年人,"						神经质性格						颤抖						眩晕欲扑				","						痴呆				","						黄芪颗粒						当归补血口服液						盐酸二甲双胍片				"
甲亢,甲亢，医学术语上指“甲状腺毒症”：是过量的甲状腺激素导致的临床症状，而甲状腺功能亢进症则仅限于甲状腺。是本身激素合成和分泌过度而引起的甲状腺毒症。甲亢是个器官免疫性的疾病，最常侵犯的是甲状腺、眼睛、少见的胫前...详细,甲状腺功能亢进，瘿气,"						甲状腺				",无传染性,>70%,所有人群，大多数年龄在20～4...,"						高代谢征群						突眼症						甲状腺肿大				",否,"						内分泌科				",一般治疗、药物治疗、手术治...,3-12月,市三甲医院约（5000—8000元）,"						TRH兴奋TSH、PRL试验						基础代谢						基础胃液分泌量				","						抑亢丸						甲亢灵片						甲亢灵颗粒				"
2型糖尿病,II型糖尿病也叫成人发病型糖尿病，多在35~40岁之后发病，占糖尿病患者90%以上。2型糖尿病病友体内产生胰岛素的能力并非完全丧失，有的患者体内胰岛素甚至产生过多，但胰岛素的作用效果却大打折扣，因此患者体内的胰岛素是一种相...详细,II型糖尿病,"						全身				",无传染性,91%(上述为控制率),市三甲医院约（5000 —— 80000元）,"						尿葡萄糖						空腹血葡萄糖						自我血糖监测				",否,"						内分泌科						内科				",饮食疗法、运动疗法、药物疗...,中老年人群,"						多尿						多饮						乏力				","						肾脏损伤						糖尿病足				","						格列吡嗪片						盐酸二甲双胍肠溶片						参芪降糖颗粒				"
皮肤病,皮肤病是指有关皮肤的疾病，是皮肤(包括毛发和甲)受到内外因素的影响后，其形态、结构和功能均发生变化，产生病理过程，并相应的产生各种临床先后表现。皮肤病的发病率很高，反复发作，多比较轻，常不影响患者生命，很多难以...详细,,"						皮肤				",无传染性,50%,市三甲医院约（3000 —— 5000元）,"						滤过紫外线检查						皮肤定位觉				",否,"						皮肤科				",药物治疗、物理治疗,所有人群,"						皮肤瘙痒						皮肤搔痒						皮肤潮红肿胀				",,"						盐酸特比萘芬乳膏						十味乳香胶囊						肤痒颗粒				"
鱼鳞病,鱼鳞病，也叫鱼鳞癣中医也叫蛇皮癣，主要以为儿童发病，是遗传性皮肤角化障碍性疾病，鱼鳞病虽然对人体健康没有直接的危害，但会引起身体不适和严重影响美观，给患者造成极大的身心痛苦。详细,蛇皮癣,"						皮肤				",无传染性,>120天(终身间歇性治疗),市三甲医院约（5000-10000元）,"						基因检测						皮肤试验				",是,"						皮肤科				",药物治疗,所有人群，多于儿童。,"						皮肤干燥						鳞屑						皮肤皲裂				",,"						参归润燥搽剂						维生素A软胶囊						八宝五胆药墨				"
脱发,脱发是头发脱落的现象。有生理性及病理性之分。生理性脱发指头发正常的脱落。病理性脱发是指头发异常或过度的脱落。详细,掉头发，秃头，鬼剃头,"						头部						皮肤				",无传染性,60%,所有人群，大多是中老年人，...,"						永久性秃发						毛发脱落						病理性脱发				",是,"						皮肤科						内分泌科						中医科				",药物治疗,10-30天,市三甲医院约（500-5000元）,"						毛发						毛发矿物质				","						养血生发胶囊						固肾生发丸						米诺地尔搽剂				"
鸡眼,鸡眼和胼胝是皮肤由于长期受挤压或受摩擦而发生的角质性增生。鸡眼一般都出现在脚趾，为圆锥形角质增生，胼胝则为斑块状角质增生。主要发生于手、足、指、趾受摩擦或挤压部位。详细,胼胝，肉刺,"						皮肤				",无传染性,60%,所有人群,,是,"						皮肤科						普外科				",药物治疗、手术切除,7-10天,市三甲医院约（500 —— 1000元）,,"						水杨酸苯酚贴膏						盐酸米诺环素胶囊						水杨酸苯酚贴膏				"
毛囊炎,毛囊炎(folliculitis)是指葡萄球菌侵入毛囊部位所发生的化脓性炎症。中医学根据其发病部位及形状有不同的命名，如大珠疮、发际疮、羊胡子疮、蝼蛄疖、蝼蛄患、蟮拱头等。本病好发于头部、项部、臀部、肛周或身体其他部位，且有复...详细,疖,"						皮肤				",无传染性,63%,所有人群，多见于成人,"						毛囊性呈鳞片状角化						丘疹						脓疱				",是,"						皮肤科						中西医结合科				",药物治疗,7-10天,市三甲医院约（300—— 800元）,,"						莫匹罗星软膏						克林霉素甲硝唑搽剂						复方片仔癀软膏				"
股癣,股癣是指股内侧、会阴、臀部感染真菌后引起的皮肤病。股癣的真菌可以通过内衣、浴巾等传播，也可通过性生活传播，故股癣也被列入性传播性疾病之中。但临床上80%以上的股癣是通过非性交传播的。在我国引起股癣的病原体主要是毛...详细,,"						臀部						皮肤				",无传染性,70%,青年人，男性多于女性,"						大腿内侧红斑						股部内侧靠近阴囊处的皮疹						腹股沟痒				",是,"						皮肤科						中医科				",药物治疗,3-5月,市三甲医院约（3000 —— 5000元）,"						皮肤真菌镜检						真菌培养				","						硝酸咪康唑乳膏						硝酸咪康唑乳膏						盐酸布替萘芬喷雾剂				"
荨麻疹,荨麻疹(Urticaria)俗称风团、风疹、风疙瘩、风疹块，是一种常见的皮肤病。荨麻疹是由于各种因素致使皮肤粘膜血管发生暂时性炎性充血与大量液体渗出而造成局部水肿性的损害，典型表现是局部或全身出现大小不等的风团，剧痒难忍，...详细,风团，瘾疹,"						皮肤				",无传染性,98%,所有人群,"						剧痒						风团						皮肤有压痕				",是,"						皮肤科						中医科				",药物治疗,2-6周,市三甲医院约（500 —— 2000元）,"						FLA-ABS试验						激发试验						皮肤病的物理检查				","						皮敏消胶囊						乌蛇止痒丸						荨麻疹丸				"
粉刺,痤疮，俗称青春痘、粉刺、暗疮，中医古代称面疮，酒刺。 是一种毛囊皮脂腺的慢性炎症性疾病，其发生主要与青春期后皮脂过多、毛囊皮脂腺导管堵塞、细菌继发感染和炎症反应等因素密切相关。其主要表现为，皮肤颜色的白头粉刺...详细,"痤疮,青春痘,暗疮,暗疮,米疮,青春籽","						皮肤				",无传染性,85%, 青年 ，青春期的男女性朋友...,"						角栓						囊肿						丘疹				",是,"						皮肤科						中医科				",药物治疗、物理治疗,1-2个月,市三甲医院约（500-1000元）,"						皮肤与组织寄生虫的病原检查				","						维胺酯维E乳膏						过氧苯甲酰凝胶						当归苦参丸				"
多毛状小阴唇,多毛状小阴唇(hairy nymphae)又称女阴假性湿疣(pseudocondyloma of vulae)，女阴乳头状多毛症(hirsuties papillaris vulvae)，女阴多毛状乳头瘤(hirsutoid papilloma of vulvae)。假性湿疣多见于青年妇女，未婚或已婚均可发生;发病年龄主要为18～41岁，发病...详细,"女阴多毛状乳头瘤,女阴假性湿疣,女阴乳头状多毛症","						外阴				",无传染性,对症治疗为主，无法根治,发于20～40岁性活跃期的已、...,"						白带增多						丘疹						息肉				",否,"						皮肤性病						皮肤科						妇科				",中医药物治疗,5-10年,市三甲医院约(500--1000元),"						促肾上腺皮质激素兴奋试验				","						盐酸米诺环素胶囊						妇肤康喷雾剂				"
乳头内陷,女性乳房的乳头如不凸出于乳晕平面，甚至凹入陷于皮面之下，致局部呈火山口状时，称乳头内陷(crater nipple)，是一种较常见的女性乳房畸形。有报道乳头凹陷的妇女的比例高达40%。乳头内陷有两种情形：乳头退缩或翻入乳房内，且牵拉...详细,乳头凹陷,"						乳房				",无传染性,60%,少女，初产妇，哺乳期女性。,"						乳晕深部可扪及肿块						乳腺内无痛单发的硬肿块				",是,"						乳腺外科						妇科				",手法牵拉、吸允、药物治疗,5--7天,市三甲医院约（200 —— 500元）,"						乳房检查						乳房视诊						乳房触诊				","						枸橼酸他莫昔芬片						盐酸左氧氟沙星氯化钠注射液						聚甲酚磺醛栓				"
乳腺增生,乳腺增生是女性最常见的乳房疾病，其发病率占乳腺疾病的首位。近些年来该病发病率呈逐年上升的趋势，年龄也越来越低龄化。乳腺增生症是正常乳腺小叶生理性增生与复旧不全，乳腺正常结构出现紊乱，属于病理性增生，它是既非炎...详细,"乳房囊性增生病,乳腺小叶增生，乳腺增生症,乳腺结构不良症,乳痛症","						乳房				",无传染性,20%-30%, 30-50岁女性 ,"						乳腺隐痛						结节						囊肿				",是,"						乳腺外科						妇科						内分泌科				",药物治疗、手术治疗,1-3个月,市三甲医院约（2000 —— 8000元,"						乳房检查						乳房触诊						乳腺检查				","						乳结泰胶囊						乳块消胶囊				"
坐骨神经痛,坐骨神经痛是以坐骨神经支配区域疼痛为主的综合征，是一种临床症状，而不是一个单独的疾病。坐骨神经痛分为原发和继发；原发少见，即坐骨神经炎；继发常见，是局部及周围组织病变累及坐骨神经，常见的有腰椎间盘突出、腰椎骨...详细,偏痹,"						周围神经系统						臀部						下肢				",无传染性,60%,孕妇，中老年人 ,"						背部酸痛						腰背的持续隐痛						小腿酸痛				",是,"						神经内科						骨科						针灸科				",药物疗法、物理治疗,1个月,市三甲医院约（100-500元）,"						CT检查						MRI						深反射检查				","						腰痛宁胶囊						普瑞巴林胶囊						舒筋健腰丸				"
神经衰弱,神经衰弱是一种以脑和躯体功能衰弱为主的神经症。以易于兴奋又易于疲劳为特征，常伴有紧张、烦恼、易激惹等情绪症状及肌肉紧张性疼痛、睡眠障碍等生理功能紊乱症状。这些症状不是继发于躯体疾病和脑器质性病变，也不是其他任...详细,神经衰弱症，神劳,"						全身				",无传染性,20%(一般在正规综合三甲医院的典型病例治愈率（治愈率20%）),16到40岁，脑力劳动者多见,"						易激惹						易疲乏						保持睡眠障碍性失眠				",是,"						神经内科						心理咨询				",药物治疗、情绪疗法,120天,市三甲医院约（1000 —— 3000元）,"						CT检查						心电图						肌电图				","						天麻素胶囊						泻肝安神丸						安神补脑液				"
植物神经紊乱,植物神经紊乱是因长期的精神紧张，心理压力过大，以及生气和精神受到刺激后所引起的一组症状群。详细,"植物神经功能失调,植物神经功能紊乱，植物神经功能障碍","						周围神经系统				",无传染性,79%,压力较大、生活没有规律的人...,"						注意力不集中						梗噎						反应迟钝				",是,"						神经内科						中医科				",神经营养药治疗、生活习惯调...,1年,不同医院收费标准不一致，市三甲医院约（2000 —— 5000元）,"						神经系统检查						脑电图						闭目直立试验				","						谷维素片						谷维素片						薄芝糖肽注射液				"
帕金森,帕金森病(Parkinson's disease)又称"震颤麻痹"，巴金森氏症或柏金逊症，多在60岁以后发病。主要表现为患者动作缓慢，手脚或身体其它部分的震颤，身体失去柔软性，变得僵硬。最早系统描述该病的是英国的内科医生詹母帕金森，当时还不...详细,"帕金森病,震颤麻痹,特发性帕金森病","						颅脑						全身				",无传染性,老年人，于40～70岁，60岁后发...,"						静止性震颤						肌张力过高						感觉障碍				","						褥疮						感冒						便秘				",否,"						神经内科						中医科				",药物治疗,5000-10000元,"						CT检查						MRI						SPECT显像				",,"						单唾液酸四己糖神经节苷脂钠注射液						注射用单唾液酸四己糖神经节苷脂钠						多巴丝肼片				"
面瘫,颜面肌分表情肌和咀嚼肌两部分，前者由面神经支配，后者由三叉神经运动支支配。此处所叙述面肌瘫痪仅讨论表情肌麻痹，即面神经麻痹的有关内容，面神经麻痹在脑神经疾患中较为多见，依据病因将其分成特发性(Bell)、外伤、感染、...详细,"Bell麻痹,特发性面神经麻痹,面神经麻痹,面神经炎,歪嘴巴,歪歪嘴,吊线风,吊斜风,歪嘴风","						面部						周围神经系统				",无传染性,20%,所有人群,"						口眼歪斜						早上起床突然发现面颊动作不灵或歪斜						口角下垂				",否,"						神经内科						中医科				",药物治疗、针灸治疗,14-30天,市三甲医院约（1000-3000元）,"						三叉神经运动功能						眼睑检查						眼科检查				","						大活络丸						天蚕胶囊						沉香十七味丸				"
尿毒症,尿毒症实际上是指人体不能通过肾脏产生尿液，将体内代谢产生的废物和过多的水分排出体外，引起的毒害。现代医学认为尿毒症是肾功能丧失后，机体内部生化过程紊乱而产生的一系列复杂的综合征。而不是一个独立的疾病，称为肾功...详细,"						肺水肿						贫血						高血压				","						肾				",无传染性,10%(治疗后80%可以好转),中老年人群,"						少尿						肾衰竭						食欲下降				",是,"						肾内科				",保守疗法、血液透析、腹膜透...,6个月,市三甲医院约（50000-100000元）,"						尿常规						放射性核素肾图						氨基酸				","						复方α-酮酸片						吗替麦考酚酯胶囊						海昆肾喜胶囊				"
慢性肾炎,慢性肾小球肾炎(chronic glomerulonephritis)系指各种病因引起的不同病理类型的双侧肾小球弥漫性或局灶性炎症改变，临床起病隐匿，病程冗长，病情多发展缓慢的一组原发性肾小球疾病的总称，故严格说来它不是一独立性疾病。但由于临床...详细,"慢性肾小球肾炎,肾炎","						肾				",无传染性,95%,青、中年男性,"						蛋白尿						水肿						血压高				",是,"						肾内科				",药物治疗,2-6月,市三甲医院约（3000 —— 5000元）,"						尿常规						尿液细胞学检查						尿酚红排泄试验				","						黄葵胶囊						复方α-酮酸片						肾炎康复片				"
肾积水,由于尿液从肾脏排出受阻、蓄积，造成尿液潴留而引起肾内压升高，以致肾盂肾盏逐渐扩张，肾实质萎缩与破坏，，统称为肾积水。肾盂积水是由于尿路阻塞而引起的肾盂肾盏扩大伴有肾组织萎缩。尿路任何部位的管道狭窄或阻塞以及神...详细,"						高血压						肾积脓						肾结石				","						肾				",无传染性,80%,所有人群,"						肾盂积水						腹部肿块						少尿				",是,"						肾内科						泌尿外科				",西医药物治疗、中医药物治疗,7--21天,市三甲医院约（3000 —— 5000元）,"						全身骨骼疾病排查						尿常规						尿路平片				","						八正合剂						谷丙甘氨酸胶囊						热淋清颗粒				"
肾囊肿,单纯性肾囊肿(simple renal cyst)是肾囊性疾病中最多见、症状最轻的一种，常见于50岁以上的成年人而罕见于小儿，故有可能是后天性的。可为孤立性或多发性，多见于男性及左肾，常单侧发病，也可合并对侧肾病变。详细,"单纯性肾囊肿,孤立性肾囊肿","						肾				",无传染性,70%,成年人,"						腰部包块						腹部不适						上腹部疼痛				",是,"						肾内科						泌尿外科				",手术疗法,3个月,市三甲医院约（3000-30000元）,"						泌尿系统CT						肾脏B超						肾脏CT				",
尿道炎,"尿道炎(urethritis)是指尿道黏膜的炎症,是一种常见病，多见于女性，临床上分为急性和慢性、非特异性尿道炎和淋菌性尿道炎，后两种临床表现类似，必须根据病史和细菌学检查加以鉴别。多为致病菌逆行侵入尿道引起。详细",尿道炎症,"						尿道				",无传染性,95%,所有人群，多见于女性,"						尿道烧灼感						尿道痒感						白色黏液状尿				",是,"						肾内科						泌尿外科				",药物治疗,15-30天,市三甲医院约200--500元,"						尿常规						尿道分泌物检查						尿道口检查				","						复方石韦颗粒						磷霉素氨丁三醇散				"
男性不育,男性不育是指男女双方未采取任何避孕措施而没怀孕，并且女方检查正常的情况，称之为男性不育。男性不育主要分两种，第一种是精子异常，主要是少弱畸形精子症和无精子症；其中弱精子症最常见，就是其前向运动精子百分比低于32%...详细,,"						男性生殖				",无传染性,80%,育龄男性,"						精血不足						精子凝集						精子稀少				",否,"						生殖健康						男科				",药物治疗、手术治疗,1-3年,市三甲医院约（3000 —— 5000元）,"						不孕不育检查						不孕不育的免疫学检查						性别观察				","						壮阳春胶囊						云芝糖肽胶囊						米诺地尔搽剂				"
性欲亢进,性欲亢进症，或称性欲过盛症，是指对性行为要求过于强烈、性交过于频繁且能完成性交全过程为主要特征的疾病。主要临床表现为性交过频、过快、过剧，甚者见性即有性兴奋，烦躁不安。中医文献将本病列入阳强病范畴，病因多为思...详细,"性欲过盛,性欲过旺","						全身				",无传染性,70-80%,中年，青年较多发,"						迷走神经兴奋						阴茎异常勃起						性上瘾				",否,"						生殖健康						心理咨询						男科				",心理治疗、药物治疗,1-2个月,不同医院收费标准不一致，市三甲医院约（1000 —— 5000元）,"						性激素六项 						性激素六项检查						颅脑CT				","						抑亢丸						甲亢灵胶囊				"
腰肌劳损,慢性腰肌劳损，为临床常见病，多发病，发病因素较多，主要症状是腰部酸痛，日间劳累加重，休息后可减轻，日积月累，可使肌纤维变性，甚而少量撕裂，形成疤痕或纤维索条或粘连，遗留长期慢性腰背痛。治疗上以非手术治疗为主，...详细,"						筋膜炎						椎管狭窄症				","						腰部				",无传染性,80%,长期保持坐姿者，中老年人 ,"						腰酸						弯腰时腰痛						劳累时腰部酸痛或胀痛				",是,"						外伤科						骨科				",药物治疗、物理治疗、手术治...,4周,市三甲医院约（1000 —— 3000元）,"						拾物试验						脊柱压痛与叩击痛						腰背痛体格检查				","						正骨水						腰痛宁胶囊				"
急性阑尾炎,急性阑尾炎是外科常见病，居各种急腹症的首位。转移性右下腹痛及阑尾点压痛、反跳痛为其常见临床表现，但是急性阑尾炎的病情变化多端，因此对每一具体病例都应认真对待，详尽询问病史，仔细检查，这样才能准确诊断，早期手术...详细,"阑尾炎,盲肠炎，肠痈","						阑尾				",无传染性,100%,所有人群，大多是成年人,"						肚子疼						恶心与呕吐						发烧				",是,"						胃肠外科						普外科						消化内科				",手术治疗,3-6周,市三甲医院约（5000 —— 8000元）,"						CT检查						尿常规						直肠指检				","						注射用哌拉西林钠他唑巴坦钠						阑尾消炎丸						清热消炎宁胶囊				"
胃溃疡,胃溃疡是消化性溃疡的一种，即发生于胃和十二指肠的慢性溃疡，是一种多发病、常见病。溃疡的形成有各种因素，其中酸性胃液对黏膜的消化作用是溃疡形成的基本因素。酸性胃液接触的任何部位，如食管下段、胃肠吻合术后吻合口、...详细,慢性溃疡,"						胃				",无传染性,60-70%, 男性发病率明显高于女性 ,"						食欲下降						胃热疼痛						上腹不适				",是,"						胃肠外科						消化内科				",中医治疗、西医治疗、手术治...,8-12周,市三甲医院约（3000 —— 5000元,"						C－14呼气检测仪＋呼气检测口袋						免疫印迹技术						尿素酶试验				","						枸橼酸铋钾颗粒						注射用奥美拉唑钠						枸橼酸铋钾胶囊				"
肠炎,肠炎是细菌、病毒、真菌和寄生虫等引起的胃肠炎、小肠炎和结肠炎。临床表现有恶心、呕吐、腹痛、腹泻、稀水便或粘液脓血便。部分病人可有发热及里急后重感觉，故亦称感染性腹泻。肠炎按病程长短不同，分为急性和慢性两类。　...详细,"						阿米巴结肠炎						慢性溃疡性非肉芽肿性空肠回肠炎						老年人假膜性小肠结肠炎				","						肠				",无传染性,98%(经过系统治疗本病都能系统治愈，治愈率在98%以上。),所有人群，饮食不当的群体，...,"						肚子疼						里急后重						体重减轻				",是,"						消化内科				",药物治疗,2--3天,市三甲医院约（1000 —— 3000元）,"						乙状结肠镜检查						内镜检查						十二指肠钡餐造影				","						肠炎宁胶囊						肠炎宁胶囊						肠炎宁颗粒2克				"
慢性胃炎,慢性胃炎(chronic gestritis)系指不同病因引起的胃粘膜的慢性炎症或萎缩性病变，其实质是胃粘膜上皮遭受反复损害后，由于粘膜特异的再生能力，以致粘膜发生改建，且最终导致不可逆的固有胃腺体的萎缩，甚至消失。本病十分常见，约...详细,"慢性肠胃炎,慢性胃黏膜炎，胃络痛","						胃				",无传染性,85%,男性多于女性 ,"						胃酸过多						食欲较差						腹胀嗳腐				",是,"						消化内科				",药物治疗,3-5月,市三甲医院约（1000-5000元）,"						上消化道功能测定和显像						幽门螺杆菌检测						胃总酸度				","						摩罗丹(浓缩丸)						胃康灵胶囊						吲哚美辛巴布膏				"
萎缩性胃炎,萎缩性胃炎(atrophic gastritis)指各种病因引起胃黏膜变薄、固有腺体的减少的一种病理状态，其发病可能是一个多病因综合作用的、漫长的、多阶段、多基因的变异积累过程。慢性胃炎反复发作引起的胃黏膜腺体的萎缩和肠上皮化生，部分...详细,慢性萎缩性胃炎，胃痞,"						胃				",无传染性,60%,所有人群,"						上腹不适						上腹部疼痛						食欲不振				",是,"						消化内科				",药物治疗,1-3个月,市三甲医院约（5000 —— 10000元）,"						无痛胃镜						电子胃镜						纤维胃镜				","						摩罗丹(浓缩丸)						消食十味丸						结合雌激素乳膏				"
胃炎,胃炎是指由各种因素引起胃黏膜发生炎症性改变。在饮食不规律，作息不规律的人群尤为高发。根据病程分急性和慢性两种，慢性比较常见。包括急性胃炎（急性化脓性胃炎、急性糜烂性胃炎、急性单纯性胃炎、急性腐蚀性胃炎）、慢性...详细,"胃肠感染,肠胃炎","						胃				",无传染性,80%,饮食不节人群，男性多于女性,"						食欲不振						体重减轻						疲乏				",是,"						消化内科				",药物治疗,7-14天,市三甲医院约（3000 —— 8000元）,"						尿常规						胃液酸碱度						胃蛋白酶				","						康复新液						胃炎宁颗粒						铝碳酸镁片				"
结肠炎,结肠炎腹痛一般多为隐痛或绞痛，常位于左下腹或小腹。其它表现有食欲不振、腹胀、恶心、呕吐及肝大等;左下腹可 有压痛，有时能触及痉挛的结肠。常见的全身症状有消瘦、乏力、发热、贫血等。有少部分病人在慢性的病程中，病情...详细,非特异性溃疡性结肠炎,"						肠				",无传染性,95%以上(小于5%发展成为慢性，迁延不愈。),饮食不节的人群,"						腹满便溏						肚子疼						腹部不适				",是,"						消化内科				",药物治疗,1周,市三甲医院约（1000 —— 3000元）,"						WBC						上消化道X线钡餐						便常规				","						胃乐新颗粒						胃肠灵胶囊						美沙拉嗪肠溶片				"
反流性食管炎,反流性食管炎(reflux esophagitis)系指由于胃和(或)十二指肠内容物反流入食管，胃食管反流分为生理性和病理性两种。生理性胃食管反流见于正常人，无临床意义。若反流较正常人发生频繁，不能及时清除酸性消化性胃液以及胃蛋白酶、胆...详细,胃食管反流病，食管瘅，消化性食管炎,"						胃						食管				",无传染性,60%, 中老年人，肥胖人群，吸烟...,"						胸骨后烧灼样痛						吐酸						反酸				",是,"						消化内科				",药物治疗、手术治疗,1-3个月,市三甲医院约（1000-5000元）,"						纤维胃镜检查						胃生理盐水排空试验						食管24小时pH监测				","						盐酸雷尼替丁胶囊						盐酸雷尼替丁胶囊						奥美拉唑镁肠溶片				"
拉肚子,正常人一般每日排便一次，个别人每日排便2～3次或每2～3日一次，粪便的性状正常，每日排出粪便的平均重量为150～200g，含水分为60%～75%。腹泻(diarrhea)是一种常见症状，是指排便次数明显超过平日习惯的频率，粪质稀薄，水分增加，每...详细,"腹泻,泻肚子","						肠				",无传染性,98%,所有人群，经常乱吃东西的人...,"						水样便						脂肪泻						乳糜泻				",是,"						消化内科				",药物治疗、饮食治疗,3-7天,市三甲医院约（1000 —— 3000元）,"						伦代试验						平均红细胞血红蛋白浓度						胶囊内视镜				","						参倍固肠胶囊						止泻灵片				"
慢性浅表性胃炎,慢性胃炎(chronic gastritis，CG)指各种病因引起的胃黏膜慢性炎症病变。临床上主要包括两大类即慢性浅表性胃炎(superficial gastritis)和萎缩性胃炎(atrophic gastritis)，其他还有部分特殊类型的胃炎，如胆汁反流性胃炎、门脉高压性胃病、尿毒症...详细,非萎缩性胃炎,"						胃				",无传染性,96%,长期饮食不规律者,"						左上腹痛						腹胀						嗳气				",是,"						消化内科				",饮食疗法、药物疗法,3-6月,市三甲医院约（3000- —— 6000元）,"						上消化道X线钡餐				","						三九胃泰颗粒						猴头菌片						胃复春片				"
胰腺炎,胰腺炎(pancreatitis)是胰腺因胰蛋白酶的自身消化作用而引起的疾病。常见的有：急性胆源性胰腺炎、蛔虫性急性胰腺炎、胆源性急性胰腺炎、急性出血坏死型胰腺炎等急性胰腺炎，自身免疫性胰腺炎、胆源性慢性胰腺炎等慢性胰腺炎。详细,胰瘅,"						胰腺				",无传染性,95%,市三甲医院约（3000-5000元）,"						二氧化碳结合力						纤维肠镜						胰脏触诊				",是,"						消化内科						肝胆外科				",药物治疗、手术治疗, 所有人群 ,"						肚子疼						上腹部疼痛						上腹及腰背部有“束带感”				",,"						清胰利胆颗粒						西咪替丁片						清胰利胆颗粒				"
慢性胆囊炎,"慢性胆囊炎(chronic cholecystitis)系指胆囊慢性炎症性病变,大多为慢性结石性胆囊炎，占85%～95%，少数为非结石性胆囊炎，如伤寒带菌者。本病可由急性胆囊炎反复发作迁延而来,也可慢性起病。临床表现无特异性，常见的是右上腹部或心窝...详细",胆囊炎，胆胀,"						胆				",无传染性,80%,老年人,"						恶心与呕吐						上腹不适						胆囊触痛征				",是,"						消化内科						肝胆外科				",药物治疗、支持疗法,5-15天,市三甲医院约（5000 —— 8000元）,"						胆囊胆道B超						胆囊触诊						胆道造影				","						复方金钱草颗粒						鸡骨草胶囊						胆宁片				"
阑尾炎,阑尾炎(Appendicitis)是指阑尾由于多种因素而形成的炎性改变。它是一种常见病，其预后取决于是否及时的诊断和治疗。早期诊治，病人多可短期内康复，死亡率极低(o.1%一0.2%);如果延误诊断和治疗可引起严重的并发症，甚至造成死亡。阑...详细,"						妊娠性急性阑尾炎						老年人急性阑尾炎						小儿急性阑尾炎				","						阑尾				",无传染性,100%(经过抗炎手术的等方式治疗后都能痊愈。),青年人群,"						肚子疼						右下腹痛						恶心与呕吐				",是,"						消化内科						胃肠外科				",药物治疗、手术治疗,7天,市三甲医院约（500 —— 3000元）,"						Alder试验						Bryan试验						结肠驱气试验				","						注射用头孢西丁钠						注射用哌拉西林钠他唑巴坦钠						清热消炎宁胶囊				"
十二指肠溃疡,十二指肠溃疡(duodenal ulcer，DU)是常见的慢性疾病之一，是由于多种因素引起的十二指肠黏膜层和肌层的缺损。详细,"						消化道出血						肺炎						消化性溃疡				","						肠				",无传染性,80-90%, 男性发病率明显高于女性，...,"						上腹部疼痛						反酸						烧心				",是,"						消化内科						胃肠外科				",药物治疗、手术治疗,10-30天,市三甲医院约（3000 —— 5000元）,"						14C呼气试验						内镜检查						尿素酶试验				","						盐酸雷尼替丁胶囊						复方石菖蒲碱式碳酸铋片						枸橼酸铋钾胶囊				"
胆汁返流性胃炎,胆汁返流性胃炎，也称硷性返流性胃炎，系指由于胆汁返流入胃所引起的上腹痛、呕吐胆汁、腹胀、体重减轻等一系列表现的综合征，常见于胃切除、胃肠吻合术后，总发病率约5%左右，其中BillrothⅡ式胃切除术后的发病率为BillrothⅠ术式...详细,碱性返流性胃炎,"						胃				",无传染性,80%,成年人,"						恶心						消瘦						腹胀				",否,"						消化内科						胃肠外科				",药物治疗、手术治疗,10天,不同医院收费标准不一致，市三甲医院约（800 —— 2000元）,"						胃总酸度						胃钡餐造影						酸返流试验				","						养胃舒颗粒						胃炎宁颗粒						铝碳酸镁片				"
便秘,便秘(senile constipation)是指排便次数减少，同时排便困难，粪便干结。正常人每天排便1～2次或2～3天排便1次，便秘患者每周排便少于2次，并且排便费力，粪质硬结、量少。便秘可见于年轻人，但是老年人更常见，约1/3的老年人可出现便秘...详细,"大便秘结,大便难","						肠				",无传染性,75%,女性多于男性，老年多于青、...,"						排便困难						粪便硬结如羊粪状						便血				",是,"						消化内科						中医科				",生活治疗、药物治疗、生物反...,30--60天,市三甲医院约（100-500元）,"						乙状结肠镜检查						便常规						直肠镜				","						维生素C口服液						四磨汤口服液						小儿七星茶颗粒				"
窦性心动过缓,窦性心动过缓(sinus bradycardia)是窦房结自律性降低所致的窦性心律失常，其频率在60次/min以下。详细,窦性心律失常,"						心脏				",无传染性,99%,正常青年或运动员、心血管疾...,"						心动过缓						疲劳						头晕				",是,"						心血管内科				",药物治疗,20天,市三甲医院约3000--10000,"						动态心电图						心电图				","						参仙升脉口服液						建参片				"
风湿性心脏病,风湿性心脏病(简称风心病)是常见的一种心脏病，是风湿病变侵犯心脏的后果，表现为瓣膜口狭窄和/或关闭不全，患者中女多于男。受损的瓣膜以二尖瓣为最常见，也可以几个瓣膜同时受累，称为联合瓣膜病变。详细,风心病,"						心脏				",无传染性,80%, 青壮年 ,"						胸闷						呼吸困难						心悸				",是,"						心血管内科						风湿科						心胸外科				",药物治疗、手术治疗,3-6月,市三甲医院约（10000-30000元）,"						多普勒超声心动图						心电图						心脏血管超声检查				","						利心丸						乙酰水杨酸孕烯诺龙片						吲哚美辛巴布膏				"
心肌炎,心肌炎（myocarditis）是指由各种原因引起的心肌的局限性或弥漫性炎症。虽然某些心肌炎由于在终期可过渡为充血性或限制性心肌病，而被某些学者视为继发性心肌病，但在发病学上心肌炎毕竟是可区分的疾病类型。引起心肌炎的原因很...详细,"						急性心力衰竭						心律失常						心肌病				","						心脏				",无传染性,95%,青壮年人群,"						恶心与呕吐						疲劳						不典型胸痛				",是,"						心血管内科						心胸外科				",药物治疗,6个月,市三甲医院约（3000-5000元）,"						二维超声心动图						心电图						涂片				","						辅酶Q10胶囊						果糖二磷酸钠口服溶液				"
窦性心动过速,窦性心动过速(sinus tachycardia)是指成人窦房结冲动形成的速率超过每分钟100次，速率常在每分钟101-160次之间。窦性心动过速开始和终止时，其心率逐渐增快和减慢。。窦性心动过速是常见的心律失常。详细,心动过速,"						心脏				",无传染性,20%-40%,中老年人,"						心率增快						心悸						胸闷				",是,"						心血管内科						心胸外科				",药物治疗,3天-30天,市三甲医院约（10000 ——20000元,"						动态心电图						心电图						自主神经功能检查				","						盐酸普萘洛尔片						酒石酸美托洛尔片						盐酸胺碘酮片				"
先天性心脏病,先天性心血管病是先天性畸形中最常见的一类。随着心脏诊断方法及外科手术治疗技术的进展，目前绝大多数先天性心血管病均能获得明确的诊断和手术矫正治疗，预后较前有明显的改观。详细,"先心病,心脏病,小儿先心病","						心脏				",无传染性,40%,先天性婴幼儿,"						左心衰竭						右心衰竭						蹲踞现象				",是,"						心血管内科						心胸外科						儿科				",药物治疗、手术治疗,10-30天,市三甲医院约（50000-100000元）,"						心电图						新生儿疾病筛查						早孕检查				","						地高辛片						琥乙红霉素片						复方吡拉西坦脑蛋白水解物片				"
冠心病,冠心病是冠状动脉性心脏病的简称，亦称缺血性心脏病。是一种由冠状动脉器质性狭窄或阻塞（即动脉粥样硬化或动力性血管痉挛），引起的心肌缺血缺氧或心肌坏死的心脏病。多发于40岁以后，在日常生活中经常可见到。临床表现突然...详细,冠状动脉粥样硬化性心脏病,"						心脏						血液血管				",无传染性,80%,中老年人群,"						劳动耐力下降						胸骨后疼痛						胸闷				",是,"						心血管内科						心胸外科						老年科				",药物治疗、手术治疗、介入治...,3-6周,市三甲医院约（5000--30000元）,"						冠状动脉造影						动态心电图						心电图				","						血塞通泡腾片						血塞通分散片						通心络胶囊				"
高血压,高血压是以体循环动脉压升高为主要临床表现的心血管综合征，在未用抗高血压药的情况下，非同日3次测量，收缩压≥140mmHg和(或)舒张压≥90mmHg，可诊断为高血压。高血压是最常见的慢性病，也是心脑血管病最主要的危险因素，其脑卒...详细,高血压病，风眩,"						血液血管						心脏				",无传染性,0.0001%(终身性疾病),中老年人，平时钠盐的摄入量...,"						血压高						头痛						头胀				",是,"						心血管内科						心胸外科						老年科				",药物治疗、饮食疗法,1-3个月,市三甲医院约200-5000元,"						伯尔格试验						寒冷性升压试验						检眼镜检查法				","						松龄血脉康胶囊						奥美沙坦酯片						芪苈强心胶囊				"
再生障碍性贫血,再生障碍性贫血(aplastic anemia，AA)是一种物理、化学、生物或不明因素作用使骨髓造血干细胞和骨髓微环境严重受损，造成骨髓造血功能减低或衰竭的疾病。以全血细胞减少为主要表现的一组综合征。据国内21省(市)自治区的调查，年发病...详细,髓劳，再障,"						骨髓						血液血管				",无传染性,70%(骨髓移植治疗),青壮年，男性多见,"						胃肠道出血						眼底出血和渗出						内脏出血				",是,"						血液科				",支持治疗,6-12个月,市三甲医院约（20000-50000元）,"						红细胞检查						红细胞比积(PCV)						骨髓显像				","						环孢素软胶囊						地榆升白片				"
白血病,1847年德国病理学家鲁道夫魏尔啸首次识别了白血病。白血病的病源是由于细胞内脱氧核糖核酸的变异形成的骨髓中造血组织的不正常工作。骨髓中的干细胞(stem cell)每天可以制造成千上万的红血球和白血球。白血病病人过分生产不成熟的...详细,血癌,"						血液血管				",无传染性,10%,儿童和青年,"						柏油便						肝脾肿大						牙龈出血				",是,"						血液科						肿瘤科				",药物治疗,3-5年,市三甲医院约（50000-100000元）,"						涂片						血栓与止血检测						血浆凝血酶调节蛋白活性				","						维A酸胶囊						氨基己酸片						甲氨蝶呤片				"
青光眼,青光眼是指眼内压间断或持续升高的一种眼病。持续的高眼压可以给眼球各部分组织和视功能带来损害，如不及时治疗，视野可以全部丧失而至失明。青光眼是导致人类失明的三大致盲眼病之一，总人群发病率为1%，45岁以后为2%。详细,绿风内障,"						眼				",无传染性,60%,所有人群,"						高眼压						眼压突然迅速升高						眼胀				",是,"						眼科				",西医药物治疗、西医手术治疗...,1-3年,市三甲医院约500--5000元,"						前房的一般检查						眼压计测量法						眼球突出度				","						硝酸毛果芸香碱滴眼液						拉坦前列素滴眼液						马来酸噻吗洛尔滴眼液				"
脂肪瘤,脂肪瘤(lipoma)是起源于脂肪组织的一种良性肿瘤。瘤周有一层薄的结缔组织包囊，内有被结缔组织束分成叶状成群的正常脂肪细胞。有的脂肪瘤在结构上除大量脂肪组织外，还含有较多结缔组织或血管，即形成复杂的脂肪瘤。全身任何部...详细,,"						其他				",无传染性,99%,多见男性中青年,"						无痛性硬实结节						皮下沉积所出现的粟粒样结节						皮下指头至鸽蛋大的肿块结节				",是,"						肿瘤科				",手术治疗,2-4周,市三甲医院约（1000-2000元),,"						小金丸						平消胶囊						游离脂肪酸检测试剂盒(酶比色法)				"
喉癌,喉癌(carcinoma of larynx)是一种比较常见的恶性肿瘤，发病率约占全身肿瘤的1～5%，在耳鼻喉科领域中仅次于鼻咽癌和鼻腔，鼻窦癌，居第三位。好发年龄为50～70岁。男性较女性多见，约为8：1，以东北、华北和华东地区发病率最高。其病因...详细,喉疳,"						咽喉				",无传染性,30%(经过系统治疗本病能够5年生存率在30%),男性较女性多见，约为8：1,"						咽部异物感						喉部堵塞感						咳嗽				",是,"						肿瘤科						耳鼻喉科				",手术治疗、放射治疗,1-3个月,市三甲医院约（50000-100000元）,"						MRI						头颅平片						耳鼻咽喉CT				","						平消胶囊						安替可胶囊						注射用去甲斑蝥酸钠				"
卵巢癌,卵巢癌是女性生殖器官常见的肿瘤之一，发病率仅次于子宫颈癌和子宫体癌而列居第三位。但因卵巢癌致死者，却占各类妇科肿瘤的首位，对妇女生命造成严重威胁。由于卵巢的胚胎发育，组织解剖及内分泌功能较复杂，它所患的肿瘤可...详细,症癜，卵巢恶性肿瘤,"						卵巢				",无传染性,20%,30～60岁女性，多发生于围绝...,"						月经失调						消瘦						下腹胀痛				",是,"						肿瘤科						妇科				",手术治疗、化学治疗、放射免...,1-3个月,市三甲医院约（50000-80000元）,"						卵巢检查						小肠造影						生殖系统肿瘤检查项目				","						卡铂注射液						六甲蜜胺片						复方红豆杉胶囊				"
卵巢癌,卵巢癌是女性生殖器官常见的肿瘤之一，发病率仅次于子宫颈癌和子宫体癌而列居第三位。但因卵巢癌致死者，却占各类妇科肿瘤的首位，对妇女生命造成严重威胁。由于卵巢的胚胎发育，组织解剖及内分泌功能较复杂，它所患的肿瘤可...详细,症癜，卵巢恶性肿瘤,"						卵巢				",无传染性,20%,30～60岁女性，多发生于围绝...,"						月经失调						消瘦						下腹胀痛				",是,"						肿瘤科						妇科				",手术治疗、化学治疗、放射免...,1-3个月,市三甲医院约（50000-80000元）,"						卵巢检查						小肠造影						生殖系统肿瘤检查项目				","						卡铂注射液						六甲蜜胺片						复方红豆杉胶囊				"
肝癌,肝癌(liver cancer)是死亡率仅次于胃癌、食道癌的第三大常见恶性肿瘤，初期症状并不明显，晚期主要表现为肝痛、乏力、消瘦、黄疸、腹水等症状。临床上一般采取西医的手术、放化疗与中药结合疗法，但晚期患者因癌细胞扩散而治愈率...详细,"						转移性肝癌						老年人原发性肝癌						原发性肝癌				","						肝				",无传染性,5%(早期肝癌手术切除后一年生存率达80%以上，五年生存率达50%以上。),中老年男性,"						右上腹痛						乏力						消瘦				",是,"						肿瘤科						肝胆外科				",手术治疗、放射治疗、化疗、...,>120天,市三甲医院约（30000-50000元）,"						AFP						CT检查						血清丙酮酸激酶				","						注射用胸腺五肽						注射用核糖核酸Ⅱ						尿素软膏				"
胰腺癌,胰腺癌(pancreatic carcinoma)是常见的胰腺肿瘤，是一种恶性程度很高，诊断和治疗都很困难的消化道恶性肿瘤，约90%为起源于腺管上皮的导管腺癌。其发病率和死亡率近年来明显上升。5年生存率<1%，是预后最差的恶性肿瘤之一。胰腺癌早期...详细,胰癌,"						胰腺				",无传染性,0.30%,成年女性，哺乳期女性更易得,"						上腹部疼痛						上腹部肿块及腹胀						横结肠移位				",是,"						肿瘤科						肝胆外科				",手术治疗、放射治疗,3--6个月,市三甲医院约（20000-50000元）,"						抑癌基因Rb						糖脂类肿瘤标志物						肿瘤受体显像				","						注射用核糖核酸Ⅱ						注射用核糖核酸Ⅱ						复方红豆杉胶囊				"
口腔癌,口腔癌是指发生于口腔的恶性肿瘤。包括唇癌、牙龈癌、舌癌、软硬腭癌、颌骨癌、口底癌、口咽癌、涎腺癌和上颌窦癌以及发生于颜面部皮肤粘膜的癌症等。口腔癌是头颈部较常见的恶性肿瘤之一。口腔癌以男性多见。口腔癌病例中，...详细,,"						口				",无传染性,58%, 所有人群 ，男性比较多,"						溃疡						口腔痛						口腔粘膜上白色较硬的隆起斑块				",否,"						肿瘤科						口腔科				",手术治疗、放射治疗、化学治...,2-3个月,市三甲医院约（5000-10000元）,"						CT检查						口腔内窥镜						头颅平片				","						西黄丸						西吡氯铵含漱液						鼻咽灵片				"
膀胱癌,膀胱癌是泌尿系统最常见的恶性肿瘤，发病率居泌尿系统恶性肿瘤的首位。其发病原因还不清楚，一般认为与经常接触致癌物如萘胺、联苯胺等有关，日常生活中常见的染料，橡胶、塑料制品，油漆、洗涤剂等也有潜在的致癌危险。吸烟...详细,溺血,"						膀胱				",无传染性,60%, 年龄51～70岁 ,"						逼尿肌无反射						耻区肿块						无痛性尿血				",是,"						肿瘤科						泌尿外科				",手术治疗、药物治疗,3月,市三甲医院约（10000-30000元）,"						HER-2基因						泌尿系统CT						生殖系统肿瘤检查项目				","						香菇菌多糖片						生血宝颗粒						增生平片				"
肾癌,肾肿瘤(renal tumor)在泌尿系肿瘤中较常见，仅次于膀胱肿瘤。绝大多数原发性肾肿瘤为恶性，包括肾细胞癌、肾母细胞瘤(Wilms瘤)及肾盂癌等。肾脏的良性肿瘤包括肾腺瘤、血管平滑肌脂肪瘤、血管瘤、脂肪瘤、纤维瘤以及肾球旁细胞瘤等...详细,"肾细胞癌,肾腺癌","						肾				",无传染性,3%,50-70岁有家族史的吸烟、酗酒...,"						腰部钝痛						尿血						体重减轻				",是,"						肿瘤科						泌尿外科				",药物治疗、手术疗法,1-3个月,市三甲医院约（30000-50000元）,"						尿常规						肾脏B超						肾脏CT				","						重组人白介素-2注射液						重组人白介素-2注射液						复方红豆杉胶囊				"
直肠癌,直肠癌是指位于齿状线至乙状结肠、直肠交界处之间的癌。是胃肠道中最常见的恶性肿瘤之一。主要表现为腹部隐隐作痛，腹部不适等；直肠癌进展到晚期会有明显的下腹痛，随着病情的进展，肿瘤增长到一定程度，患者会出现贫血、消...详细,"						腹膜炎						肠梗阻						休克				","						肠				",无传染性,75%,40岁以上男性,"						大便变细形似铅笔						直肠疼痛						下消化道少量出血				",是,"						肿瘤科						消化内科						肛肠外科				",手术治疗、放射治疗、化学治...,2-4月,市三甲医院约（50000-80000元）,"						多药耐药基因						粪便吞噬细胞						肿瘤标志物				","						卡培他滨片						去氧氟尿苷胶囊						抗癌平丸				"
淋巴癌,恶性淋巴癌又称“淋巴瘤”，是原发于淋巴结或其他淋巴组织的恶性肿瘤，是我国常见的十大恶性肿瘤之一。本病多见于中、青年，男性患者多于女性。本病按其细胞成分的不同可分为何杰金氏病和非何杰金氏淋巴瘤两大类。其恶性程度...详细,恶性淋巴瘤,"						淋巴				",无传染性,10%(系统治疗后患者5年生存率达到80%),所有人群,"						淋巴结肿大						体重减轻						发烧				",否,"						肿瘤科						血液科				",药物治疗、手术治疗、放化疗,1-3年,市三甲医院约（10000——50000元）,"						尿常规						皮肤试验						细胞免疫检查				","						注射用盐酸吡柔比星						注射用环磷酰胺						甲氨蝶呤片				"
包茎,包茎是由于包皮口狭窄或包皮与阴茎头炎症后粘连而不能上翻露出阴茎头者。包茎分先天性和后天性，先天性包茎分为萎缩型和肥大型，后天性包茎系炎症、外伤等使包皮口粘连狭窄所致。先天性包茎随阴茎的生长、勃起，包皮可自行向...详细,,"						阴茎				",无传染性,100%,男性，青年男性,"						排尿障碍						包皮嵌顿						包皮垢				",是,"						男科						泌尿外科				",手术治疗,2-4周,市三甲医院约（1000-5000元）,,"						包茎术后保护架						包茎术后保护架						一次性使用包茎扩张矫形器				"
支原体肺炎,支原体肺炎(mycoplasmal pneumonia)是由肺炎支原体(mycoplasmal pneumonia，MP)引起的肺炎，曾称原发性非典型性肺炎(primary atypical pneumonia)。起病缓慢，有发热、阵发性刺激性咳嗽，少量黏液性或黏液脓性痰(偶有血痰)。肺部体征多不明显，但易引起...详细,"伊顿肺炎,伊顿氏肺炎,原发性非典型性肺炎，冷凝集阳性肺炎","						肺				",无传染性,60-80%,所有人群,"						发作性咳嗽						头痛						周身不适				",是,"						呼吸内科						传染科				",药物治疗、支持疗法,6-8周,市三甲医院约（5000 —— 8000元）,"						冷凝集试验						痰液病原体						痰液细菌培养				","						麦迪霉素片						白头翁止痢片						左氧氟沙星片				"
慢性阑尾炎,慢性阑尾炎是指阑尾急性炎症消退后而遗留的阑尾慢性炎症病变，诸如管壁纤维结缔组织增生、管腔狭窄或闭塞、阑尾扭曲，与周围组织粘连等。详细,阑尾炎,"						阑尾				",无传染性,80-90%,市三甲医院约（500 —— 5000元）,"						乙状结肠镜检查						压痛及反跳痛						厌氧菌检测				",是,"						普外科				",药物治疗、手术治疗,所有人群，青年比较多,"						下腹绞痛						肚子疼						腹胀				","						腹膜炎				","						阑尾消炎丸						阑尾灵颗粒						清热消炎宁胶囊				"
尿道结石,尿道结石临床并不多见。多数来源于膀胱及膀胱以上的泌尿系统，如肾结石、输尿管结石或膀胱结石。结石在排出时可停留在尿道或嵌顿于前列腺部尿道、舟状窝或尿道外口。少数继发于尿道狭窄、尿道闭锁、异物或尿道憩室。原发于尿...详细,"尿路结石,泌尿系结石,石淋","						尿道				",无传染性,80%,所有人群,"						急性尿潴留						尿意窘迫						尿痛				",是,"						泌尿外科						肾内科				",物理治疗、药物治疗,2-4周,市三甲医院约（5000-10000元）,"						尿常规						尿结晶						尿路平片				","						尿石通丸						消石片						热淋清颗粒				"
淋巴瘤,淋巴瘤是原发于淋巴结或淋巴组织的恶性肿瘤。临床以无痛性，进行性淋巴结肿大为主要表现。本病可发生于任何年龄，但发病年龄高峰在31~40岁，其中非霍奇金淋巴瘤高峰略往前移。男女之比为：2~3:1。详细,淋巴癌,"						淋巴				",无传染性,10%,青壮年,"						淋巴结肿大						肝脾肿大						消瘦				",是,"						肿瘤科						内分泌科				",药物治疗、手术治疗,30天-100天,市三甲医院约（3000 —— 5000元）,"						p16基因						乳酸脱氢酶						血浆铜蓝蛋白				","						依托泊苷软胶囊						六甲蜜胺胶囊						甲氨蝶呤片				"
心脏神经官能症,心脏神经官能症是神经官能症的一种特殊类型，以心血管系统功能失常为主要表现，可兼有神经官能症的其他表现。其症状多种多样，时好时坏，常见有心悸、心前区疼痛、胸闷、气短、呼吸困难、头晕、失眠、多梦等。大多发生于青壮...详细,神经循环衰弱症，心脏神经症，功能性心脏不适,"						心脏				",无传染性,80%,大多发生于青壮年，以20岁~40...,"						心悸						胸闷						气短				",是,"						心血管内科						神经内科						心胸外科				",药物治疗、中医治疗,1-3个月,市三甲医院约（3000--8000元）,"						冠状动脉造影						心电图						心脏血管超声检查				","						酒石酸美托洛尔缓释片						酒石酸美托洛尔胶囊						晕痛定胶囊				"
阴茎癌,阴茎癌(carcinoma of penis)为常见的男性生殖系统的恶性肿瘤之一，过去在我国相当多见，占男性生殖系肿瘤第一位，近年来发病率已有明显降低趋势。多发生于中年人，平均年龄为30岁。患阴茎癌者绝大多数皆有包皮过长。阴茎癌的发病率...详细,阴茎恶性肿瘤,"						阴茎				",无传染性,65%(外科手术治疗),老年男性、包皮垢普、包茎、...,"						排尿疼痛						腹股沟淋巴结肿大						消瘦				",是,"						肿瘤科						男科						生殖健康				",手术治疗,1-2年,不同医院收费标准不一致，市三甲医院约（30000 —— 50000元,"						SW阴茎超声血流检测						阴茎动脉血压						阴茎检查				","						乌苯美司胶囊						复方环磷酰胺片						注射用盐酸博来霉素				"
小儿哮喘,支气管哮喘(bronchial asthma)，哮喘是一种表现反复发作性咳嗽、喘鸣和呼吸困难，并伴有气道高反应性的可逆性、梗阻性呼吸道疾病。哮喘是一种严重危害儿童身体健康的常见慢性呼吸道疾病，其发病率高，常表现为反复发作的慢性病...详细,小儿支气管哮喘，儿童期哮喘，儿童哮喘,"						肺				",无传染性,80%,儿童人群,"						支气管平滑肌痉挛						鼻翼扇动						低氧血症				",否,"						儿科						呼吸内科				",药物治疗,3个月,不同医院收费标准不一致，市三甲医院约（3000 —— 5000元）,"						激发试验						痰液细菌涂片						肺功能				","						孟鲁司特钠咀嚼片						盐酸异丙肾上腺素气雾剂						小儿肺热咳喘颗粒4克				"
肝纤维化,肝纤维化是指肝脏纤维结缔组织的过度沉积，是纤维增生和纤维分解不平衡的结果。纤维增生是机体对于损伤的一种修复反应，各种病因所致反复或持续的慢性肝实质炎症、坏死可导致肝脏持续不断的纤维增生而形成肝纤维化。从许多慢...详细,肝纤维变性,"						肝				",无传染性,60%,中老年人,"						腹痛伴黄疸						门体侧支循环						上腹部肿块及腹胀				",否,"						肝病						消化内科						肝胆外科				",药物治疗,3个月,不同医院收费标准不一致，市三甲医院约（5000-10000元）,"						反映肝脏间质变化的试验						尿胆原						肝纤维化指标检查				","						甘草甜素片						复方氨基酸胶囊(8-11)						复方鳖甲软肝片				"
消化性溃疡,消化性溃疡(peptic ulcer)主要指发生于胃和十二指肠的慢性溃疡，是一多发病、常见病。溃疡的形成有各种因素，其中酸性胃液对粘膜的消化作用是溃疡形成的基本因素，因此得名。酸性胃液接触的任何部位，如食管下段、胃肠吻合术后吻...详细,胃、十二指肠溃疡,"						胃				",无传染性,85%, 所有人群 ,"						溃疡疼痛						胃肠道症状						肚子疼				",是,"						消化内科						胃肠外科				",药物治疗、饮食疗法,8-12周,市三甲医院约（3000 —— 5000元）,"						吲哚试验						幽门螺杆菌检测						特里布累氏试验				","						枸橼酸铋钾胶囊						枸橼酸坦度螺酮胶囊						猴头菌提取物颗粒				"
支气管肺炎,支气管肺炎(bronchopneumonia)又称小叶肺炎，为小儿最常见的肺炎。发展中国家小儿肺炎的发病率明显高于发达国家，病死率和玹死亡率更高于发达国家。和其他发展中国家相似，小儿肺炎是威胁我国儿童健康的严重疾病，无论是发病率还是...详细,小叶肺炎，小叶性肺炎,"						肺				",无传染性,治愈率80%,所有人，儿童占多数,"						咳嗽						咳痰						呼吸困难				",是,"						呼吸内科						中医科				",西药治疗、中药治疗、饮食调...,治疗周期10-20天）,市三甲医院约3000--6000元,"						儿童支气管镜						痰培养						痰液病原体				","						阿莫西林克拉维酸钾干混悬剂(7:1)						阿莫西林双氯西林钠胶囊						小儿肺热咳喘颗粒4克				"
鼻息肉,鼻息肉是鼻部常见疾病，也与某些全身疾病有关。它是由于鼻粘膜长期炎性反应引起组织水肿的结果。鼻息肉多来源于中鼻道窦口、鼻道复合体和筛窦，高度水肿的鼻粘膜由中鼻道、窦口向鼻腔膨出下垂而形成息肉。由于病因的多元性和...详细,鼻痔,"						鼻				",无传染性,85%,所有人群,"						息肉						鼻内似有擤不出的鼻涕						鼻塞				",是,"						耳鼻喉科						普外科				",药物治疗、手术治疗,3--7天,市三甲医院约（300-1000元）,"						前鼻镜						头颅平片						鼻腔内镜				","						鼻炎通喷雾剂						七叶皂苷钠片						氯雷他定片				"
鼻出血,鼻出血(epistaxis)又称鼻衄，是临床常见症状之一，多因鼻腔病变引起，也可由全身疾病所引起，偶有因鼻腔邻近病变出血经鼻腔流出者。鼻出血多为单侧，亦可为双侧;可间歇反复出血，亦可持续出血;出血量多少不一，轻者仅鼻涕中带血...详细,鼻衄,"						鼻				",无传染性,98%,所有人群,"						鼻溢液						鼻塞排出脓性或血性分泌物						下鼻甲或中鼻甲肥大				",是,"						耳鼻喉科				",药物治疗、手术治疗,2-4周,不同医院收费标准不一致，市三甲医院约（500-1000元）,"						鼻腔内镜				","						升血小板胶囊						血宁糖浆						抗宫炎片				"
精囊炎,精囊炎是由大肠杆菌等引起邻近器官前列腺等有感染或任何情况下导致前列腺、精囊充血时，细菌侵及精囊，诱发的炎症，从而引起以血精为主要临床表现的疾病。精囊炎分非特异性和特异性精囊炎两大类，前者包括急性精囊炎和慢性精...详细,"						前列腺炎				","						男性生殖				",无传染性,60%,中青年男性,"						尿频						尿急						尿痛				",是,"						男科						泌尿外科				",药物治疗,7-14天,不同医院收费标准不一致，市三甲医院约（1000-5000元）,"						前列腺液细胞						直肠指检						精子爬高试验				","						盐酸米诺环素胶囊						盐酸米诺环素胶囊						前列腺治疗仪				"
肛周脓肿,肛管、直肠周围软组织内或其周围间隙内发生急性化脓性感染，并形成脓肿，称为肛管、直肠周围脓肿。其特点是自行破溃，或在手术切开引流后常形成肛瘘。是常见的肛管直肠疾病，也是肛管、直肠炎症病理过程的急性期，肛瘘是慢性...详细,"						肛瘘				","						肛门				",无传染性,83%,所有人群,"						肛门剧痛						直肠肛门内胀痛不适						肛门疼痛				",是,"						肛肠外科				",药物治疗、手术治疗,14天,市三甲医院约（3000-5000元）,"						直肠指检						直肠镜						肛门指检				","						甲磺酸左氧氟沙星片						乳酸左氧氟沙星片						法罗培南钠片				"
糖尿病和高血压,糖尿病与高血压均为常见疾病，二者关系密切。糖尿病病人中高血压的患病率明显增高，约为非糖尿病人群的2倍，并随年龄增长、体重增加及病程延长而上升，女性高于男性。国外有关资料显示，糖尿病病人中高血压患病率为40%～80%;我...详细,"						视网膜病变						糖尿病肾病				","						胰腺						血液血管				",无传染性,10%,40岁以上人群多见,"						消瘦						烦渴多饮						易倦感				",否,"						内分泌科						心血管内科				",药物治疗、饮食调理,6-12个月,市三甲医院约（5000 —— 8000元）,"						动态血压监测(ABPM)						空腹血葡萄糖						糖尿病类尿常规				","						复方三嗪芦丁片						芦丁片						奥利司他胶囊				"
狂犬病,狂犬病(rabies)乃狂犬病病毒所致的急性传染病，因其恐水症状比较突出，故又名恐水症(hydrophobia)。人畜共患，多见于犬、狼、猫等肉食动物，人多因病兽咬伤而感染。临床表现为恐水怕风、咽肌痉挛、进行性瘫痪等。详细,恐水症,"						全身				",有传染性,0.01%,所有人群，大多是儿童,"						低烧						三怕(水声、光、风)现象						恐水症				",是,"						传染科				",药物治疗、对症治疗,2-8周,市三甲医院约（3000-5000元）,"						脑脊液检查-化学检查-蛋白质检查				","						人用狂犬病疫苗(Vero细胞)						冻干人用狂犬病疫苗(人二倍体细胞)						抗狂犬病血清				"
登革热,登革热(dengue fever)是由伊蚊传播登革病毒(dengue virus)引起的急性传染病。主要通过埃及伊蚊或白纹伊蚊为媒介进行传播。其特点为急性起病，发热，全身肌肉、骨、关节痛，极度疲乏，皮疹，淋巴结肿大及血液白细胞、血小板减少。详细,"波尔加热,古典登革热,五天热","						全身				",有传染性,75%,所有人群，小孩多数,"						发烧						出血倾向						红斑样皮疹				",是,"						传染科				",药物治疗、对症治疗,4-8周,市三甲医院约10000--30000元,"						血凝抑制试验						补体结合试验				","						复方金刚烷胺氨基比林片						小儿热速清糖浆						新雪颗粒				"
麻疹,"麻疹(measles,rubeola,morbilli)是麻疹病毒引起的急性呼吸道传染病。主要症状有发热、上呼吸道炎、眼结膜炎等，而以皮肤出现红色斑丘疹和颊粘膜上有麻疹粘膜斑为其特征。本病传染性极强，在人口密集而未普种疫苗的地区易发生流行。疫...详细",小儿麻疹,"						全身				",有传染性,80%,儿童，少年，成人,"						发烧						上呼吸道卡他症状						红斑样皮疹				",是,"						传染科						儿科				",药物治疗,3-6月,市三甲医院约（5000-10000元）,"						植物血凝素试验						脱落细胞						腹部皮肤检查				","						盐酸西替利嗪胶囊						盐酸赛庚啶片						荨麻疹丸				"
乙肝,乙肝(viral hepatitis type B，又称乙型病毒性肝炎)系由乙肝病毒(HBV)引起，临床表现为：乏力、食欲减退、恶心、呕吐、厌油、肝大及肝功能异常。发展中国家发病率高，多数无症状，其中1/3出现肝损害的临床表现。据统计，全世界无症状乙...详细,乙型肝炎 ,"						肝				",有传染性,0.00%,所有人群，主要见于青少年，...,"						转氨酶增高						肝肿大						乙肝表面抗原（HBsAg）阳性				",否,"						传染科 肝病				",药物治疗、饮食疗法,3-6月,市三甲医院约（3000 —— 8000元）,"						乙肝两对半						乙肝病毒学指标						凝血酶原时间				","						恩替卡韦分散片						恩替卡韦分散片						养肝片				"
禽流感,禽流感（Bird Flu或Avian Influenza）是禽流行性感冒的简称，它是一种由甲型流感病毒的一种亚型（也称禽流感病毒）引起的传染性疾病，被国际兽疫局定为甲类传染病，又称真性鸡瘟或欧洲鸡瘟。也能感染人类引起发病，成为禽流感病毒感...详细,"H7N9,H7N9禽流感,人禽流感","						全身				",有传染性,75%,所有人群,"						头痛						一过性的流感样症状						肚子疼				",否,"						传染科						呼吸内科				",西药治疗、中药治疗,7-14天,不同医院收费标准不一致，市三甲医院约(10000--30000元),"						尿常规						病毒感染免疫检测						痰及下呼吸道分泌物标本的细菌学检验				","						帕拉米韦氯化钠注射液						磷酸奥司他韦胶囊						阿比多尔片				"
猪流感,甲型H1N1流感病毒是A型流感病毒，携带有H1N1亚型猪流感病毒毒株，包含有禽流感、猪流感和人流感三种流感病毒的核糖核酸基因片断，同时拥有亚洲猪流感和非洲猪流感病毒特征。医学测试显示，目前主流抗病毒药物对这种毒株有效。美...详细,"甲型H1N1流感,甲流","						全身				",有传染性,70%,所有人群,"						发烧						周身不适						咳嗽				",是,"						传染科						呼吸内科				",药物治疗,1-3周,市三甲医院约（10000 —— 20000元）,"						胸透						血清流感病毒抗体				","						四季抗病毒合剂						甲型H1N1流感病毒裂解疫苗						阿比多尔片				"
肺结核,结核病俗称“肺痨”，它是由结核杆菌侵入人体后引起的一种具有强烈传染性的慢性消耗性疾病。它不受年龄、性别、种族、职业、地区的影响，人体许多器官、系统均可患结核病，其中以肺结核最为常见。肺结核的传染90%以上是通过呼...详细,肺结核病，结核病，结核，肺痨,"						肺				",有传染性,79%,所有人群，中老年为主,"						低烧						食欲减退						乏力				",是,"						传染科						呼吸内科						中医科				",化学治疗,3-6个月,该病属于乙类多发传染病，一经确诊国家医院免费治疗,"						威廉征						比塞征						肺部检查				","						盐酸氨溴索胶囊						盐酸氨溴索片						云南白药				"
阴虱病, 阴虱是虱病的一种，是虱子引起的皮肤病，可通过性接触传染，常为夫妇共患，而以女性为多见。世界各地均有发生，近年来流行于美国和西欧。详细,虱病,"						皮肤				",有传染性,90%,所有人群,"						瘙痒						细菌感染						丘疹				",是,"						传染科						皮肤科				",药物治疗,7天,不同医院收费标准不一致，市三甲医院约（500-1000元）,"						虱检查				","						林旦乳膏						林旦乳膏				"
风疹,"风疹(rubella,German measles)是由风疹病毒引起的一种常见的急性传染病。又称风痧，痧子等 。是儿童常见的一种呼吸道传染病。由于风疹的疹子来得快，去得也快，如一阵风似的，风疹也因此得名。风疹病毒在体外生活力很弱，传染性与麻...详细","病毒性风疹,德国麻疹,风痧,红疹,流行性蔷薇疹,隐疹,风毒","						咽喉						皮肤						淋巴				",有传染性,91%,学龄前及学龄儿童,"						发烧						皮疹						颈部淋巴结肿大				",是,"						传染科						皮肤科				",药物治疗,7~10天,市三甲医院约（3000 —— 5000元,"						中和试验						淋巴细胞数						白细胞数				","						利巴韦林注射液						双氯芬酸钠缓释片						皮肤病血毒丸				"
水痘,水痘是一种传染性极强的儿童期出疹性疾病，与带状疱疹为同一病毒所引起的两种不同表现的临床病症，水痘为原发感染。经过飞沫或接触传播，感染后可获得持久的免疫力，但以后可以发生带状疱疹。其临床表现为皮肤黏膜相继出现和...详细,水花，水疱,"						皮肤				",有传染性,95%, 所有人，大多是儿童 ,"						发烧						水泡						水痘结痂				",是,"						传染科						皮肤科				",一般治疗、抗病毒治疗、免疫...,7-14天,市三甲医院约（100-500元）,"						淋巴细胞计数						病毒感染免疫检测						皮肤涂片显微镜检查				","						盐酸伐昔洛韦片						阿昔洛韦乳膏						盐酸伐昔洛韦缓释片				"
艾滋病,艾滋病又称为获得性免疫陷综合征（AIDS），是因感染人类免疫缺陷病毒（Human Immunodeficiency Virus，HIV）后导致免疫缺陷，并发一系列机会性感染及肿瘤，严重者可导致死亡的综合征。临床上主要表现为发热、咽痛、头痛、皮疹、肌肉关节...详细,获得性免疫缺陷综合征,"						全身				",有传染性,0.001%(只能维持治疗，现在治愈率极低。),所有人群,"						不明原因发热						免疫力降低						HIV感染				",否,"						传染科						性病科						生殖健康				",中医药物治疗、西医药物治疗,3个月(常需终身治疗),市三甲医院约（50000 —— 100000元）,"						产检						抗心磷脂抗体（ACA）						脑脊液β2微球蛋白				","						齐多夫定注射液						更昔洛韦注射液						更昔洛韦胶囊				"
霉菌性外阴炎,在机体抵抗力减弱或微生物丛间的拮抗作用失去平衡时，本菌即引起念珠菌病。外阴、阴道炎的发生与妊娠、糖尿病、外阴损伤或浸渍，口服避孕药及抗生素等免疫抑制药时、在妊娠期细胞间的免疫力或糖代谢改变，或阴道上皮糖储存丰...详细,念珠菌外阴炎,"						外阴				",有传染性,100%，但可能会反复感染,妊娠期妇女、女性糖尿病患者,"						外阴烧灼刺激感						性交疼痛						外阴皮肤肿胀				",否,"						妇科				",西医药物治疗,2-4周,市三甲医院约1000-2000元,"						外阴部妇科常规检查						子宫颈涂片测试						直接涂片检查				","						妇科千金片						洁尔阴泡腾片						保妇康栓				"
滴虫性阴道炎,滴虫阴道炎(trichomona1vaginitis)是常见的阴道炎，由阴道毛滴虫所引起。滴虫呈梨形，后端尖，约为多核白细胞的2～3倍大小。虫体顶端有鞭毛4根，体部有波动膜，后端有轴柱凸出。活的滴虫透明无色，呈水滴状，诸鞭毛随波动膜的波动而...详细,阴道毛滴虫病，滴虫病,"						阴道				",有传染性,93%,成年女性 ,"						白带增多						阴道脓性分泌物						外阴烧灼刺激感				",是,"						妇科				",药物治疗,30天,市三甲医院约（500-1000元）,"						寄生虫排泄物和分泌物检查						改良加藤法						白带检查				","						保妇康栓						消糜阴道泡腾片						结合雌激素乳膏				"
肝炎,肝炎(学名：Hepatitis)是肝脏的炎症。肝炎的原因可能不同，最常见的是病毒造成的，此外还有自身免疫造成的。酗酒也可以导致肝炎。肝炎分急性和慢性肝炎。详细,"						发作性睡病						病毒性肝炎						副鼻窦炎				","						肝				",有传染性,70%, 所有人群 ,"						巩膜黄染						肝区痛						肝肿大				",是,"						肝炎						传染科				",疫苗、药物疗法,1-3个月,市三甲医院约（2000 —— 4000元）,"						1分钟胆红素						儿童体检						肝区腹膜摩擦感				","						澳泰乐胶囊						护肝宁片						恩替卡韦分散片				"
腮腺炎,"流行性腮腺炎(epidemic parotitis,mumps)，简称腮腺炎或流腮，俗称“猪头疯”、“蛤蟆瘟”、“对耳风”等，多发于春季，是儿童和青少年中常见的呼吸道传染病，成人中也有发病，由腮腺炎病病毒所引起。病人是传染源，飞沫的吸入是主要...详细","						慢性阻塞性腮腺炎						慢性化脓性腮腺炎						急性化脓性腮腺炎				","						面部				",有传染性,93%,儿童、青少年,"						腮腺肿大						发烧						怕冷				",否,"						内分泌科						口腔科				",西药治疗、中药治疗、针灸治...,14天,市三甲医院约(5000--10000元）,"						尿常规						尿淀粉酶						心电图				","						腮腺炎片						麻疹腮腺炎联合减毒活疫苗						蒲地蓝消炎口服液				"
疥疮,疥疮是由人型疥螨寄生于人体皮肤表层内引起的慢性传染性皮肤病。本病传染性强，主要通过密切接触传染，也可经衣物间接传染，可在家庭或集体人群中流行。详细,"						外阴瘙痒						瘙痒症				","						皮肤				",有传染性,98%,所有人均可发病,"						丘疹						剧痒						瘙痒				",是,"						皮肤科				",一般治疗、外用和口服药物,10天,市三甲医院约（100——500元）,"						生理盐水皮肤试验						疥螨检查						皮肤涂片显微镜检查				","						乌蛇止痒丸						丁香罗勒油乳膏						消炎癣湿药膏				"
扁平疣,扁平疣是人类乳头瘤病毒引起的皮肤上突出的病变，又称青年扁平疣。表面多扁平光滑，无明显不适，好发于青少年面部、手背等处。常呈慢性病变过程，属良性疾病。可以治愈，无严重危害。详细,瘊子,"						皮肤				",有传染性,98%,儿童青少年，亦常见于成人。,"						皮肤瘙痒						丘疹				",是,"						皮肤科						中医科				",药物治疗、手术治疗,28--42天,市三甲医院约（300 —— 500元）,,"						转移因子胶囊						十三味菥蓂丸				"
破伤风,破伤风是由破伤风梭菌侵入人体伤口后，在厌氧环境下生长繁殖，产生嗜神经外毒素而引起全身肌肉强直性痉挛为特点的急性传染病。重型患者可因喉痉挛或继发严重肺部感染而死亡。新生儿破伤风由脐带感染引起，病死率很高。虽然世...详细,"金疮痉,伤痉","						肌肉						全身				",有传染性,30%,所有人群,"						喉头痉挛						角弓反张位						痉笑面容				",是,"						外伤科						传染科				",药物治疗,1-3月,市三甲医院约（5000-10000元）,"						膝反射						颈项强直				","						琥乙红霉素片						硬脂酸红霉素颗粒						风油精				"
幽门螺杆菌感染,幽门螺杆菌是一种螺旋状、革兰阴性、微需氧性细菌。人群中几乎一半终身感染，感染部位主要在胃及十二指肠球部。早在1893年，Bizzozero报道在狗的胃内观察到一种螺旋状微生物。之后，Kreintz和Rosenow在人胃内也发现了螺旋体。1979年，Wa...详细,幽门螺旋杆菌感染,"						胃				",有传染性,治愈率81%,所有人群,"						肚子疼						腹胀						恶心				",否,"						消化内科				",药物治疗,治疗周期30天,市三甲医院约（2000 —— 5000元）,"						幽门螺旋杆菌的免疫学检测						幽门螺旋杆菌的直接检查						幽门螺旋杆菌血清学测试				","						复方雷尼替丁胶囊						枸橼酸铋雷尼替丁胶囊						艾司奥美拉唑镁肠溶片				"
尖锐湿疣,"尖锐湿疣又称生殖器疣或性病疣，是一种由人类乳头瘤病毒引起的性传播疾病。潜伏期在3个月左右，短者3周，长者8个月以上，平均为3个月，主要是性活跃人群,以20～30岁为发病高锋。发病很大程度上取决于接种的病毒数量和机体特异性...详细","尖圭湿疣,生殖器疣,性病疣，肛门生殖器疣","						女性生殖						男性生殖				",有传染性,30%,性活跃人群,"						湿疣						外阴鳞状上皮疣状增生						出血性丘疹				",是,"						性病科						传染科				",西医药物疗法、中医药物治疗...,30天,市三甲医院约（5000 —— 10000元,"						HPV检查						醋酸白试验				","						盐酸氨酮戊酸外用散						阿昔洛韦乳膏						咪喹莫特乳膏				"
梅毒,梅毒是由苍白螺旋体即梅毒螺旋体引起的一种慢性性传播疾病。可以侵犯皮肤、粘膜及其他多种组织器官，可有多种多样的临床表现，病程中有时呈无症状的潜伏状态。病原体可以通过胎盘传染给胎儿而发生胎传梅毒。包括：潜伏梅...详细,霉疮;广疮;棉花疮;杨梅疮,"						全身						女性生殖						男性生殖				",有传染性,40%,成年人，性活跃人群,"						会阴溃疡						硬下疳						肉芽肿				",是,"						性病科						传染科				",药物治疗,>120天,市三甲医院约（10000-30000元）,"						性传播疾病免疫检测						梅毒螺旋体抗原血清试验						梅毒螺旋体血球凝集试验				","						十三味菥蓂丸						盐酸米诺环素片						仁青常觉				"
生殖器疱疹,生殖器疱疹是一种比较常见的性病，主要是通过性生活传染还可以通过母婴传染，间接性接触传染等， 是单纯疱疹病毒引起的，表现为局部呈簇的痛性水泡，周期性发作。详细,阴部疱疹,"						女性生殖						男性生殖				",有传染性,70%,所有人群，成年人为主,"						疱疹						脓疱						阴茎疼痛				",是,"						性病科						传染科						生殖健康				",药物治疗,10-30天,市三甲医院约（3000 —— 5000元）,"						单纯疱疹病毒				","						泛昔洛韦片						重组人干扰素α-2b凝胶				"
疣,疣(wart)是由病毒引起的一种皮肤表面赘生物，其病各首见与《内经》。多见于儿童及青年，潜伏期为1～3个月，能自身接扩散。病毒存在于棘层细胞中，可促使细胞增生，形成疣状损害。常见的有寻常疣、扁干疣、传染性软疣、尖锐湿疣...详细,"瘊子,坚头肉","						皮肤				",有传染性,60%,所有人群,"						丘疹						表皮角化						皮肤瘙痒				",是,"						皮肤科						中医科				",药物治疗,7-10天,市三甲医院约（300 —— 500元）,"						HPV检查				","						盐酸特比萘芬片						维A酸片						转移因子胶囊				"
带状疱疹,带状疱疹(herpes zoster，HZ)是水痘带状疱疹病毒(varicella-zoster virus，VZV)引起的急性疱疹性皮肤病。其特征为簇集性水疱沿身体一侧周围神经，呈带状分布，伴有显著的神经痛及局部淋巴结肿大，愈后极少复发。带状疱疹患者一般可获得对该...详细,"缠腰火丹,缠腰龙,蛇盘疮，蛇串疮","						口						皮肤				",有传染性,50%,成年人,"						神经痛						带状疱疹样外观						皮肤闪电疼痛				",是,"						皮肤科				",药物治疗,＞３０天,市三甲医院约（1000 —— 2000元）,"						单纯疱疹病毒				","						普瑞巴林胶囊						盐酸伐昔洛韦片						复方片仔癀软膏				"
百日咳,百日咳(pertussis，whooping cough)是小儿常见的急性呼吸道传染病，百日咳杆菌是本病的致病菌。其特征为阵发性痉挛性咳嗽，咳嗽末伴有特殊的吸气吼声，病程较长，可达数周甚至3个月左右，故有百日咳之称。幼婴患本病时易有窒息、肺炎...详细,疫咳，顿咳,"						肺				",有传染性,100%,所有人群，大多是儿童,"						咳嗽						喉部痉挛						流鼻涕				",是,"						呼吸内科						传染科				",药物治疗,国内最认可的有效治疗手段的...,市三甲医院约（3000 —— 5000元）,"						淋巴细胞数						淋巴细胞计数						耳、鼻、咽拭子细菌培养 				","						穿心莲软胶囊						大蒜素肠溶胶囊						小儿百部止咳糖浆				"
传染性软疣,传染性软疣(molluscum contagiosum)是一种由痘病毒引起的自身接种性病毒性皮肤病。其特点为散在多发的半球状，蜡样光泽丘疹，中央呈脐窝状，可挤出乳酪状软疣小体。好发于儿童和青年人。俗称水瘊子。详细,水瘊子,"						皮肤				",有传染性,60%,所有人群,"						圆形或卵圆形丘疹或结节						丘疹						红色或紫色，稍高起的丘疹或结节				",否,"						皮肤科						传染科				",西药治疗，中药治疗、物理治...,10-30天,市三甲医院约（500 —— 1000元）,"						涂片						补体结合试验				","						五妙水仙膏						维A酸片						便携式冷冻手术系统				"
